text_content,event_type
Humidity levels rising slightly in Lucknow with moderate cloud cover.,Other
severe weather alert: thunderstorm with sudden wind squalls hitting guwahati this evening.,Thunderstorm
"Tempest winds tearing through streets of Visakhapatnam, downing power cables.",StrongWind
severe gusty winds uprooting large trees and damaging tin roofs in kolkata.,StrongWind
Incessant rainfall leading to severe waterlogging on main roads in Ahmedabad. Water levels reaching 2 feet deep.,Flood
Heavy deluge causing river overflow and heavy urban flooding in outskirts of Nagpur.,Flood
"Tempest winds tearing through streets of Visakhapatnam, downing power cables.",StrongWind
Humidity levels rising slightly in Kochi with moderate cloud cover.,Other
"Massive dust storm sweeping through Mumbai, pushing thick dust clouds into residential areas.",DustStorm
Mercury hits seasonal high in Chandigarh. High temperature causing unbearable heatwave conditions.,Heatwave
Strong winds and high velocity squalls creating hazardous conditions in Lucknow.,StrongWind
Light scattered drizzle in parts of Bhopal followed by mild sunshine.,Other
Torrential downpour has inundated low-lying residential sectors near Guwahati. Stranded vehicles reported.,Flood
Severe gusty winds uprooting large trees and damaging tin roofs in Kochi.,StrongWind
Gale force winds and cyclone warnings issued for coastal areas surrounding Chandigarh.,StrongWind
Mild overcast weather in Indore with pleasant afternoon breeze and clear skies.,Other
Scorching heatwave conditions in Patna with mercury touching 44.5 degrees celsius.,Heatwave
Blinding dust haze and windstorm disrupting local markets in Jaipur.,DustStorm
Strong winds and high velocity squalls creating hazardous conditions in Hyderabad.,StrongWind
Scorching heatwave conditions in Patna with mercury touching 44.5 degrees celsius.,Heatwave
"Tempest winds tearing through streets of Bhubaneswar, downing power cables.",StrongWind
Thick dust clouds and turbulent winds creating blinding dust haze in Indore.,DustStorm
Loud thunderclaps and torrential rain accompanied by high lightning activity in Patna.,Thunderstorm
Loud thunderclaps and torrential rain accompanied by high lightning activity in Surat.,Thunderstorm
"tempest winds tearing through streets of bengaluru, downing power cables.",StrongWind
Light scattered drizzle in parts of Bengaluru followed by mild sunshine.,Other
Gale force winds and cyclone warnings issued for coastal areas surrounding Visakhapatnam.,StrongWind
hot summer breeze and blistering sunshine making commute difficult in delhi.,Heatwave
Incessant rainfall leading to severe waterlogging on main roads in Bengaluru. Water levels reaching 2 feet deep.,Flood
Severe gusty winds uprooting large trees and damaging tin roofs in Indore.,StrongWind
Light scattered drizzle in parts of Chennai followed by mild sunshine.,Other
waterlogging reported near railway station and main bus terminus in mumbai. commuters advised to avoid.,Flood
Continuous lightning and severe thunderclaps terrifying residents across Delhi.,Thunderstorm
Cloudburst and severe hailstorm disrupting power supply and damaging crops near Patna.,Thunderstorm
Loud thunderclaps and torrential rain accompanied by high lightning activity in Chennai.,Thunderstorm
Hot summer breeze and blistering sunshine making commute difficult in Bengaluru.,Heatwave
Violent windstorm knocking down hoardings and electrical poles across Guwahati.,StrongWind
Light scattered drizzle in parts of Kochi followed by mild sunshine.,Other
Blinding sandstorm and severe dust haze rapidly reducing visibility across Kolkata.,DustStorm
dense fog advisory active in delhi. drivers urged to keep fog lights on.,Fog
Loud thunderclaps and torrential rain accompanied by high lightning activity in Bhopal.,Thunderstorm
Incessant rainfall leading to severe waterlogging on main roads in Patna. Water levels reaching 2 feet deep.,Flood
Continuous lightning and severe thunderclaps terrifying residents across Bhubaneswar.,Thunderstorm
"Massive dust storm sweeping through Pune, pushing thick dust clouds into residential areas.",DustStorm
Mild overcast weather in Bhubaneswar with pleasant afternoon breeze and clear skies.,Other
Waterlogging reported near railway station and main bus terminus in Kolkata. Commuters advised to avoid.,Flood
Normal seasonal weather condition recorded in Bhopal today. No warnings issued.,Other
Heavy deluge causing river overflow and severe urban flooding in outskirts of Kolkata.,Flood
Severe gusty winds uprooting large trees and damaging tin roofs in Kochi.,StrongWind
Extreme monsoon downpour submerges underpasses in Chennai. Emergency services responding to waterlogging.,Flood
violent thunderstorm with frequent lightning strikes and sudden heavy downpour hitting kolkata.,Thunderstorm
Strong squall and dust storm causing tree branches to snap in outer Pune.,DustStorm
High wind gusts exceeding 75 km/h causing structural damages in commercial hubs of Delhi.,StrongWind
Blistering heatwave and hot dry winds blowing across Chennai. Authorities issue heat advisory.,Heatwave
Severe weather alert: thunderstorm with sudden wind squalls hitting Lucknow this evening.,Thunderstorm
Severe heat stroke alert active across Lucknow. Temperatures expected to exceed 45C tomorrow.,Heatwave
Violent windstorm knocking down hoardings and electrical poles across Bhubaneswar.,StrongWind
Dense winter fog reducing visibility to below 20 meters near airport road in Kolkata.,Fog
Misty morning and poor visibility causing slow moving traffic on arterial roads in Chennai.,Fog
Mercury hits seasonal high in Patna. High temperature causing unbearable heatwave conditions.,Heatwave
dense winter fog reducing visibility to below 20 meters near airport road in surat.,Fog
Strong winds and high velocity squalls creating hazardous conditions in Chennai.,StrongWind
gale force winds and cyclone warnings issued for coastal areas surrounding nagpur.,StrongWind
Flooding reported in Chennai after 4 hours of non-stop rain. Submerged streets disrupting traffic.,Flood
Partly cloudy sky observed in Bhubaneswar with gentle evening breeze.,Other
blinding sandstorm and severe dust haze rapidly reducing visibility across hyderabad.,DustStorm
Cloudburst and severe hailstorm disrupting power supply and damaging crops near Guwahati.,Thunderstorm
Violent thunderstorm with frequent lightning strikes and sudden heavy downpour hitting Guwahati.,Thunderstorm
Misty morning and poor visibility causing slow moving traffic on arterial roads in Chandigarh.,Fog
Dense fog advisory active in Hyderabad. Drivers urged to keep fog lights on.,Fog
severe gusty winds uprooting large trees and damaging tin roofs in chennai.,StrongWind
Loud thunderclaps and torrential rain accompanied by high lightning activity in Mumbai.,Thunderstorm
Mild overcast weather in Indore with pleasant afternoon breeze and clear skies.,Other
Smog and low visibility enveloping entire city center of Ahmedabad during early hours.,Fog
High wind gusts exceeding 75 km/h causing structural damages in commercial hubs of Bhubaneswar.,StrongWind
Heavy deluge causing river overflow and severe urban flooding in outskirts of Kolkata.,Flood
Dense fog advisory active in Indore. Drivers urged to keep fog lights on.,Fog
Blinding sandstorm and severe dust haze rapidly reducing visibility across Surat.,DustStorm
Hot summer breeze and blistering sunshine making commute difficult in Surat.,Heatwave
severe gusty winds uprooting large trees and damaging tin roofs in guwahati.,StrongWind
Smog and low visibility enveloping entire city center of Delhi during early hours.,Fog
Scorching heatwave conditions in Delhi with mercury touching 44.5 degrees celsius.,Heatwave
Intense thunderstorm activity with heavy rain and small hail reported in suburban Hyderabad.,Thunderstorm
flooding reported in visakhapatnam after 4 hours of non-stop rain. submerged streets disrupting traffic.,Flood
Loud thunderclaps and torrential rain accompanied by high lightning activity in Bengaluru.,Thunderstorm
Gale force winds and cyclone warnings issued for coastal areas surrounding Bhopal.,StrongWind
Blistering heatwave and hot dry winds blowing across Bengaluru. Authorities issue heat advisory.,Heatwave
Waterlogging reported near railway station and main bus terminus in Chandigarh. Commuters advised to avoid.,Flood
Humidity levels rising slightly in Delhi with moderate cloud cover.,Other
Severe heat stroke alert active across Ahmedabad. Temperatures expected to exceed 45C tomorrow.,Heatwave
Misty morning and poor visibility causing slow moving traffic on arterial roads in Patna.,Fog
Zero visibility reported in Indore due to heavy blinding fog. Flight operations delayed.,Fog
Zero visibility reported in Bengaluru due to heavy blinding fog. Flight operations delayed.,Fog
Gale force winds and cyclone warnings issued for coastal areas surrounding Ahmedabad.,StrongWind
Thick dust clouds and turbulent winds creating blinding dust haze in Bengaluru.,DustStorm
High wind gusts exceeding 75 km/h causing structural damages in commercial hubs of Pune.,StrongWind
Scorching heatwave conditions in Pune with mercury touching 44.5 degrees celsius.,Heatwave
Loud thunderclaps and torrential rain accompanied by high lightning activity in Ahmedabad.,Thunderstorm
Blinding dust haze and windstorm disrupting local markets in Visakhapatnam.,DustStorm
Thick smog and mist blinding early morning commute across key highways in Kolkata.,Fog
Waterlogging reported near railway station and main bus terminus in Visakhapatnam. Commuters advised to avoid.,Flood
"Tempest winds tearing through streets of Hyderabad, downing power cables.",StrongWind
Hot summer breeze and blistering sunshine making commute difficult in Pune.,Heatwave
Incessant downpourfall leading to heavy waterlogging on main roads in Chennai. Water levels reaching 2 feet deep.,Flood
Dense winter fog reducing visibility to below 20 meters near airport road in Lucknow.,Fog
Flooding reported in Indore after 4 hours of non-stop rain. Submerged streets disrupting traffic.,Flood
Scorching heatwave conditions in Bengaluru with mercury touching 44.5 degrees celsius.,Heatwave
Zero visibility reported in Chandigarh due to heavy blinding fog. Flight operations delayed.,Fog
Severe heat stroke alert active across Mumbai. Temperatures expected to exceed 45C tomorrow.,Heatwave
Incessant rainfall leading to severe waterlogging on main roads in Jaipur. Water levels reaching 2 feet deep.,Flood
High wind gusts exceeding 75 km/h causing structural damages in commercial hubs of Hyderabad.,StrongWind
Mild overcast weather in Kochi with pleasant afternoon breeze and clear skies.,Other
Sudden duststorm engulfing highway corridors near Kolkata with high wind speeds.,DustStorm
Blinding dust haze and windstorm disrupting local markets in Surat.,DustStorm
Gale force winds and cyclone warnings issued for coastal areas surrounding Chennai.,StrongWind
Incessant rainfall leading to severe waterlogging on main roads in Jaipur. Water levels reaching 2 feet deep.,Flood
Waterlogging reported near railway station and main bus terminus in Hyderabad. Commuters advised to avoid.,Flood
Zero visibility reported in Chandigarh due to heavy blinding fog. Flight operations delayed.,Fog
Violent windstorm knocking down hoardings and electrical poles across Ahmedabad.,StrongWind
Dense winter fog reducing visibility to below 20 meters near airport road in Bhopal.,Fog
Blinding dust haze and windstorm disrupting local markets in Kolkata.,DustStorm
Zero visibility reported in Lucknow due to heavy blinding fog. Flight operations delayed.,Fog
Violent thunderstorm with frequent lightning strikes and sudden heavy downpour hitting Hyderabad.,Thunderstorm
thick smog and mist blinding early morning commute across key highways in pune.,Fog
Mercury hits seasonal high in Visakhapatnam. High temperature causing unbearable heatwave conditions.,Heatwave
Light scattered drizzle in parts of Guwahati followed by mild sunshine.,Other
Hot summer breeze and blistering sunshine making commute difficult in Lucknow.,Heatwave
Scorching heatwave conditions in Ahmedabad with mercury touching 44.5 degrees celsius.,Heatwave
Heavy deluge causing river overflow and severe urban flooding in outskirts of Indore.,Flood
Sweltering heat and extreme sunstroke warnings issued for residents in Chandigarh today.,Heatwave
Scorching heatwave conditions in Pune with mercury touching 44.5 degrees celsius.,Heatwave
Misty morning and poor visibility causing slow moving traffic on arterial roads in Nagpur.,Fog
Violent windstorm knocking down hoardings and electrical poles across Chandigarh.,StrongWind
Cloudburst and severe hailstorm disrupting power supply and damaging crops near Guwahati.,Thunderstorm
Thick smog and mist blinding early morning commute across key highways in Patna.,Fog
Violent windstorm knocking down hoardings and electrical poles across Ahmedabad.,StrongWind
"Massive dust storm sweeping through Chandigarh, pushing thick dust clouds into residential areas.",DustStorm
Sudden duststorm engulfing highway corridors near Jaipur with high wind speeds.,DustStorm
Extreme monsoon rain submerges underpasses in Bhopal. Emergency services responding to waterlogging.,Flood
Extreme monsoon rain submerges underpasses in Chandigarh. Emergency services responding to waterlogging.,Flood
Clear blue skies and comfortable temperature recorded across Bhubaneswar today.,Other
Hot summer breeze and blistering sunshine making commute difficult in Indore.,Heatwave
Gale force winds and cyclone warnings issued for coastal areas surrounding Ahmedabad.,StrongWind
Gale force winds and cyclone warnings issued for coastal areas surrounding Guwahati.,StrongWind
High wind gusts exceeding 75 km/h causing structural damages in commercial hubs of Lucknow.,StrongWind
High wind gusts exceeding 75 km/h causing structural damages in commercial hubs of Bhopal.,StrongWind
Extreme monsoon rain submerges underpasses in Bengaluru. Emergency services responding to waterlogging.,Flood
Sudden duststorm engulfing highway corridors near Visakhapatnam with high wind speeds.,DustStorm
Thick dust clouds and turbulent winds creating blinding dust haze in Chennai.,DustStorm
Blinding dust haze and windstorm disrupting local markets in Mumbai.,DustStorm
Dense winter fog reducing visibility to below 20 meters near airport road in Mumbai.,Fog
scorching heatwave conditions in nagpur with mercury touching 44.5 degrees celsius.,Heatwave
Dense winter fog reducing visibility to below 20 meters near airport road in Ahmedabad.,Fog
Light scattered drizzle in parts of Visakhapatnam followed by mild sunshine.,Other
blistering heatwave and hot dry winds blowing across indore. authorities issue heat advisory.,Heatwave
Gale force winds and cyclone warnings issued for coastal areas surrounding Kochi.,StrongWind
Severe heat stroke alert active across Patna. Temperatures expected to exceed 45C tomorrow.,Heatwave
Mild overcast weather in Chandigarh with pleasant afternoon breeze and clear skies.,Other
Severe gusty winds uprooting large trees and damaging tin roofs in Mumbai.,StrongWind
Thick smog and mist blinding early morning commute across key highways in Mumbai.,Fog
Heavy deluge causing river overflow and heavy urban flooding in outskirts of Mumbai.,Flood
Thick dust clouds and turbulent winds creating blinding dust haze in Patna.,DustStorm
Severe weather alert: thunderstorm with sudden wind squalls hitting Ahmedabad this evening.,Thunderstorm
smog and low visibility enveloping entire city center of hyderabad during early hours.,Fog
Extreme monsoon rain submerges underpasses in Surat. Emergency services responding to waterlogging.,Flood
Heavy deluge causing river overflow and severe urban flooding in outskirts of Bengaluru.,Flood
Severe gusty winds uprooting large trees and damaging tin roofs in Bhubaneswar.,StrongWind
Strong winds and high velocity squalls creating hazardous conditions in Mumbai.,StrongWind
Severe heat stroke alert active across Kolkata. Temperatures expected to exceed 45C tomorrow.,Heatwave
continuous lightning and severe thunderclaps terrifying residents across ahmedabad.,Thunderstorm
Severe weather alert: thunderstorm with sudden wind squalls hitting Lucknow this evening.,Thunderstorm
Intense thunderstorm activity with heavy downpour and small hail reported in suburban Surat.,Thunderstorm
Severe gusty winds uprooting large trees and damaging tin roofs in Mumbai.,StrongWind
zero visibility reported in kolkata due to heavy blinding fog. flight operations delayed.,Fog
Strong squall and dust storm causing tree branches to snap in outer Kolkata.,DustStorm
Torrential downpour has inundated low-lying residential sectors near Jaipur. Stranded vehicles reported.,Flood
loud thunderclaps and torrential rain accompanied by high lightning activity in chennai.,Thunderstorm
Gale force winds and cyclone warnings issued for coastal areas surrounding Ahmedabad.,StrongWind
Dense winter fog reducing visibility to below 20 meters near airport road in Mumbai.,Fog
Thick dust clouds and turbulent winds creating blinding dust haze in Ahmedabad.,DustStorm
Torrential downpour has inundated low-lying residential sectors near Ahmedabad. Stranded vehicles reported.,Flood
Extreme monsoon downpour submerges underpasses in Kolkata. Emergency services responding to waterlogging.,Flood
Severe weather alert: thunderstorm with sudden wind squalls hitting Visakhapatnam this evening.,Thunderstorm
Severe gusty winds uprooting large trees and damaging tin roofs in Bhopal.,StrongWind
Severe weather alert: thunderstorm with sudden wind squalls hitting Jaipur this evening.,Thunderstorm
Thick smog and mist blinding early morning commute across key highways in Bhubaneswar.,Fog
Torrential downpour has inundated low-lying residential sectors near Ahmedabad. Stranded vehicles reported.,Flood
Misty morning and poor visibility causing slow moving traffic on arterial roads in Pune.,Fog
Heavy deluge causing river overflow and severe urban flooding in outskirts of Visakhapatnam.,Flood
Zero visibility reported in Jaipur due to heavy blinding fog. Flight operations delayed.,Fog
Severe heat stroke alert active across Kolkata. Temperatures expected to exceed 45C tomorrow.,Heatwave
Sweltering heat and extreme sunstroke warnings issued for residents in Bengaluru today.,Heatwave
Strong winds and high velocity squalls creating hazardous conditions in Patna.,StrongWind
"Tempest winds tearing through streets of Chennai, downing power cables.",StrongWind
Strong squall and dust storm causing tree branches to snap in outer Chennai.,DustStorm
Incessant rainfall leading to severe waterlogging on main roads in Kochi. Water levels reaching 2 feet deep.,Flood
Violent thunderstorm with frequent lightning strikes and sudden heavy downpour hitting Chandigarh.,Thunderstorm
Loud thunderclaps and torrential rain accompanied by high lightning activity in Indore.,Thunderstorm
High wind gusts exceeding 75 km/h causing structural damages in commercial hubs of Hyderabad.,StrongWind
Severe gusty winds uprooting large trees and damaging tin roofs in Kochi.,StrongWind
Partly cloudy sky observed in Jaipur with gentle evening breeze.,Other
Severe gusty winds uprooting large trees and damaging tin roofs in Jaipur.,StrongWind
mercury hits seasonal high in surat. high temperature causing unbearable heatwave conditions.,Heatwave
Clear blue skies and comfortable temperature recorded across Patna today.,Other
Thick smog and mist blinding early morning commute across key highways in Kolkata.,Fog
Thick dust clouds and turbulent winds creating blinding dust haze in Mumbai.,DustStorm
blinding dust haze and windstorm disrupting local markets in bhubaneswar.,DustStorm
Smog and low visibility enveloping entire city center of Pune during early hours.,Fog
Scorching heatwave conditions in Indore with mercury touching 44.5 degrees celsius.,Heatwave
Strong squall and dust storm causing tree branches to snap in outer Hyderabad.,DustStorm
Dense winter fog reducing visibility to below 20 meters near airport road in Chandigarh.,Fog
Torrential downpour has inundated low-lying residential sectors near Chandigarh. Stranded vehicles reported.,Flood
Severe gusty winds uprooting large trees and damaging tin roofs in Surat.,StrongWind
Blinding sandstorm and severe dust haze rapidly reducing visibility across Pune.,DustStorm
Thick smog and mist blinding early morning commute across key highways in Guwahati.,Fog
Intense thunderstorm activity with heavy rain and small hail reported in suburban Hyderabad.,Thunderstorm
Mild overcast weather in Nagpur with pleasant afternoon breeze and clear skies.,Other
violent thunderstorm with frequent lightning strikes and sudden heavy downpour hitting kolkata.,Thunderstorm
Misty morning and poor visibility causing slow moving traffic on arterial roads in Kochi.,Fog
zero visibility reported in indore due to heavy blinding fog. flight operations delayed.,Fog
Misty morning and poor visibility causing slow moving traffic on arterial roads in Ahmedabad.,Fog
dense winter fog reducing visibility to below 20 meters near airport road in patna.,Fog
Strong winds and high velocity squalls creating hazardous conditions in Kolkata.,StrongWind
Severe weather alert: thunderstorm with sudden wind squalls hitting Visakhapatnam this evening.,Thunderstorm
Heavy deluge causing river overflow and severe urban flooding in outskirts of Nagpur.,Flood
Dense fog advisory active in Guwahati. Drivers urged to keep fog lights on.,Fog
Heavy deluge causing river overflow and severe urban flooding in outskirts of Chennai.,Flood
Loud thunderclaps and torrential downpour accompanied by high lightning activity in Chennai.,Thunderstorm
Cloudburst and severe hailstorm disrupting power supply and damaging crops near Pune.,Thunderstorm
Hot summer breeze and blistering sunshine making commute difficult in Mumbai.,Heatwave
Thick dust clouds and turbulent winds creating blinding dust haze in Patna.,DustStorm
Dense fog advisory active in Kolkata. Drivers urged to keep fog lights on.,Fog
dense fog advisory active in bhopal. drivers urged to keep fog lights on.,Fog
Blinding dust haze and windstorm disrupting local markets in Kolkata.,DustStorm
strong winds and high velocity squalls creating hazardous conditions in visakhapatnam.,StrongWind
Blinding dust haze and windstorm disrupting local markets in Surat.,DustStorm
Blistering heatwave and hot dry winds blowing across Hyderabad. Authorities issue heat advisory.,Heatwave
Partly cloudy sky observed in Mumbai with gentle evening breeze.,Other
Extreme monsoon rain submerges underpasses in Ahmedabad. Emergency services responding to waterlogging.,Flood
Dense fog advisory active in Chennai. Drivers urged to keep fog lights on.,Fog
Partly cloudy sky observed in Bhopal with gentle evening breeze.,Other
Violent thunderstorm with frequent lightning strikes and sudden heavy downpour hitting Delhi.,Thunderstorm
Cloudburst and heavy hailstorm disrupting power supply and damaging crops near Mumbai.,Thunderstorm
Torrential downpour has inundated low-lying residential sectors near Lucknow. Stranded vehicles reported.,Flood
Mercury hits seasonal high in Lucknow. High temperature causing unbearable heatwave conditions.,Heatwave
Extreme monsoon rain submerges underpasses in Pune. Emergency services responding to waterlogging.,Flood
Dense winter fog reducing visibility to below 20 meters near airport road in Hyderabad.,Fog
sweltering heat and extreme sunstroke warnings issued for residents in pune today.,Heatwave
misty morning and poor visibility causing slow moving traffic on arterial roads in chandigarh.,Fog
Strong winds and high velocity squalls creating hazardous conditions in Bengaluru.,StrongWind
Mild overcast weather in Ahmedabad with pleasant afternoon breeze and clear skies.,Other
Dense fog advisory active in Hyderabad. Drivers urged to keep fog lights on.,Fog
Scorching heatwave conditions in Jaipur with mercury touching 44.5 degrees celsius.,Heatwave
Intense thunderstorm activity with heavy rain and small hail reported in suburban Chandigarh.,Thunderstorm
Severe heat stroke alert active across Surat. Temperatures expected to exceed 45C tomorrow.,Heatwave
Thick dust clouds and turbulent winds creating blinding dust haze in Bhubaneswar.,DustStorm
Hot summer breeze and blistering sunshine making commute difficult in Chandigarh.,Heatwave
Mercury hits seasonal high in Mumbai. High temperature causing unbearable heatwave conditions.,Heatwave
Heavy deluge causing river overflow and severe urban flooding in outskirts of Guwahati.,Flood
Blinding dust haze and windstorm disrupting local markets in Kolkata.,DustStorm
Hot summer breeze and blistering sunshine making commute difficult in Bengaluru.,Heatwave
Severe weather alert: thunderstorm with sudden wind squalls hitting Pune this evening.,Thunderstorm
Blinding dust haze and windstorm disrupting local markets in Bengaluru.,DustStorm
Blistering heatwave and hot dry winds blowing across Bhopal. Authorities issue heat advisory.,Heatwave
Incessant downpourfall leading to heavy waterlogging on main roads in Patna. Water levels reaching 2 feet deep.,Flood
Severe weather alert: thunderstorm with sudden wind squalls hitting Guwahati this evening.,Thunderstorm
Extreme monsoon rain submerges underpasses in Pune. Emergency services responding to waterlogging.,Flood
Flooding reported in Kochi after 4 hours of non-stop rain. Submerged streets disrupting traffic.,Flood
Mild overcast weather in Hyderabad with pleasant afternoon breeze and clear skies.,Other
Thick smog and mist blinding early morning commute across key highways in Nagpur.,Fog
Sudden duststorm engulfing highway corridors near Pune with high wind speeds.,DustStorm
Violent windstorm knocking down hoardings and electrical poles across Delhi.,StrongWind
Severe weather alert: thunderstorm with sudden wind squalls hitting Guwahati this evening.,Thunderstorm
Extreme monsoon rain submerges underpasses in Bhopal. Emergency services responding to waterlogging.,Flood
Hot summer breeze and blistering sunshine making commute difficult in Surat.,Heatwave
Sweltering heat and extreme sunstroke warnings issued for residents in Bengaluru today.,Heatwave
Thick dust clouds and turbulent winds creating blinding dust haze in Surat.,DustStorm
Cloudburst and heavy hailstorm disrupting power supply and damaging crops near Bengaluru.,Thunderstorm
Incessant rainfall leading to severe waterlogging on main roads in Indore. Water levels reaching 2 feet deep.,Flood
Hot summer breeze and blistering sunshine making commute difficult in Lucknow.,Heatwave
Sudden duststorm engulfing highway corridors near Kolkata with high wind speeds.,DustStorm
Blinding sandstorm and severe dust haze rapidly reducing visibility across Hyderabad.,DustStorm
scorching heatwave conditions in jaipur with mercury touching 44.5 degrees celsius.,Heatwave
"massive dust storm sweeping through bhubaneswar, pushing thick dust clouds into residential areas.",DustStorm
Intense thunderstorm activity with heavy rain and small hail reported in suburban Chandigarh.,Thunderstorm
Continuous lightning and severe thunderclaps terrifying residents across Visakhapatnam.,Thunderstorm
Mild overcast weather in Pune with pleasant afternoon breeze and clear skies.,Other
High wind gusts exceeding 75 km/h causing structural damages in commercial hubs of Patna.,StrongWind
"tempest winds tearing through streets of bhopal, downing power cables.",StrongWind
Gale force winds and cyclone warnings issued for coastal areas surrounding Pune.,StrongWind
"Massive dust storm sweeping through Delhi, pushing thick dust clouds into residential areas.",DustStorm
Heavy deluge causing river overflow and severe urban flooding in outskirts of Guwahati.,Flood
"tempest winds tearing through streets of ahmedabad, downing power cables.",StrongWind
Incessant rainfall leading to severe waterlogging on main roads in Indore. Water levels reaching 2 feet deep.,Flood
Severe weather alert: thunderstorm with sudden wind squalls hitting Pune this evening.,Thunderstorm
Extreme monsoon rain submerges underpasses in Mumbai. Emergency services responding to waterlogging.,Flood
Violent thunderstorm with frequent lightning strikes and sudden heavy downpour hitting Lucknow.,Thunderstorm
Cloudburst and severe hailstorm disrupting power supply and damaging crops near Kochi.,Thunderstorm
Thick dust clouds and turbulent winds creating blinding dust haze in Chennai.,DustStorm
Severe gusty winds uprooting large trees and damaging tin roofs in Visakhapatnam.,StrongWind
Gale force winds and cyclone warnings issued for coastal areas surrounding Visakhapatnam.,StrongWind
Violent thunderstorm with frequent lightning strikes and sudden heavy downpour hitting Patna.,Thunderstorm
Blistering heatwave and hot dry winds blowing across Kolkata. Authorities issue heat advisory.,Heatwave
Loud thunderclaps and torrential downpour accompanied by high lightning activity in Jaipur.,Thunderstorm
humidity levels rising slightly in chennai with moderate cloud cover.,Other
Waterlogging reported near railway station and main bus terminus in Hyderabad. Commuters advised to avoid.,Flood
high wind gusts exceeding 75 km/h causing structural damages in commercial hubs of mumbai.,StrongWind
Torrential downpour has inundated low-lying residential sectors near Nagpur. Stranded vehicles reported.,Flood
Strong winds and high velocity squalls creating hazardous conditions in Bhopal.,StrongWind
Scorching heatwave conditions in Delhi with mercury touching 44.5 degrees celsius.,Heatwave
Partly cloudy sky observed in Indore with gentle evening breeze.,Other
Scorching heatwave conditions in Bhubaneswar with mercury touching 44.5 degrees celsius.,Heatwave
Zero visibility reported in Pune due to heavy blinding fog. Flight operations delayed.,Fog
Flooding reported in Chennai after 4 hours of non-stop rain. Submerged streets disrupting traffic.,Flood
Humidity levels rising slightly in Chandigarh with moderate cloud cover.,Other
Light scattered drizzle in parts of Chennai followed by mild sunshine.,Other
Light scattered drizzle in parts of Surat followed by mild sunshine.,Other
Cloudburst and severe hailstorm disrupting power supply and damaging crops near Hyderabad.,Thunderstorm
Blinding dust haze and windstorm disrupting local markets in Guwahati.,DustStorm
Clear blue skies and comfortable temperature recorded across Patna today.,Other
Mercury hits seasonal high in Visakhapatnam. High temperature causing unbearable heatwave conditions.,Heatwave
Flooding reported in Chandigarh after 4 hours of non-stop rain. Submerged streets disrupting traffic.,Flood
Light scattered drizzle in parts of Surat followed by mild sunshine.,Other
Continuous lightning and heavy thunderclaps terrifying residents across Mumbai.,Thunderstorm
Severe gusty winds uprooting large trees and damaging tin roofs in Ahmedabad.,StrongWind
Violent windstorm knocking down hoardings and electrical poles across Bhopal.,StrongWind
Violent windstorm knocking down hoardings and electrical poles across Kolkata.,StrongWind
Humidity levels rising slightly in Bhubaneswar with moderate cloud cover.,Other
Sudden duststorm engulfing highway corridors near Lucknow with high wind speeds.,DustStorm
smog and low visibility enveloping entire city center of bhubaneswar during early hours.,Fog
Blinding sandstorm and heavy dust haze rapidly reducing visibility across Bengaluru.,DustStorm
Strong winds and high velocity squalls creating hazardous conditions in Chennai.,StrongWind
hot summer breeze and blistering sunshine making commute difficult in visakhapatnam.,Heatwave
Incessant rainfall leading to severe waterlogging on main roads in Visakhapatnam. Water levels reaching 2 feet deep.,Flood
Thick smog and mist blinding early morning commute across key highways in Chandigarh.,Fog
Zero visibility reported in Mumbai due to heavy blinding fog. Flight operations delayed.,Fog
"Tempest winds tearing through streets of Bhubaneswar, downing power cables.",StrongWind
Thick dust clouds and turbulent winds creating blinding dust haze in Hyderabad.,DustStorm
Mild overcast weather in Indore with pleasant afternoon breeze and clear skies.,Other
Normal seasonal weather condition recorded in Kochi today. No warnings issued.,Other
Misty morning and poor visibility causing slow moving traffic on arterial roads in Guwahati.,Fog
mercury hits seasonal high in pune. high temperature causing unbearable heatwave conditions.,Heatwave
"massive dust storm sweeping through chandigarh, pushing thick dust clouds into residential areas.",DustStorm
Violent windstorm knocking down hoardings and electrical poles across Ahmedabad.,StrongWind
Clear blue skies and comfortable temperature recorded across Visakhapatnam today.,Other
clear blue skies and comfortable temperature recorded across lucknow today.,Other
Flooding reported in Patna after 4 hours of non-stop downpour. Submerged streets disrupting traffic.,Flood
loud thunderclaps and torrential rain accompanied by high lightning activity in bhubaneswar.,Thunderstorm
"Tempest winds tearing through streets of Kolkata, downing power cables.",StrongWind
Violent windstorm knocking down hoardings and electrical poles across Pune.,StrongWind
Violent thunderstorm with frequent lightning strikes and sudden heavy downpour hitting Surat.,Thunderstorm
Normal seasonal weather condition recorded in Ahmedabad today. No warnings issued.,Other
Mercury hits seasonal high in Chandigarh. High temperature causing unbearable heatwave conditions.,Heatwave
Incessant downpourfall leading to heavy waterlogging on main roads in Hyderabad. Water levels reaching 2 feet deep.,Flood
Cloudburst and heavy hailstorm disrupting power supply and damaging crops near Chennai.,Thunderstorm
Intense thunderstorm activity with heavy downpour and small hail reported in suburban Kolkata.,Thunderstorm
Cloudburst and heavy hailstorm disrupting power supply and damaging crops near Delhi.,Thunderstorm
Severe gusty winds uprooting large trees and damaging tin roofs in Chandigarh.,StrongWind
Clear blue skies and comfortable temperature recorded across Kochi today.,Other
Dense fog advisory active in Kochi. Drivers urged to keep fog lights on.,Fog
smog and low visibility enveloping entire city center of surat during early hours.,Fog
Sweltering heat and extreme sunstroke warnings issued for residents in Chennai today.,Heatwave
Thick dust clouds and turbulent winds creating blinding dust haze in Hyderabad.,DustStorm
Mild overcast weather in Visakhapatnam with pleasant afternoon breeze and clear skies.,Other
Smog and low visibility enveloping entire city center of Hyderabad during early hours.,Fog
Severe weather alert: thunderstorm with sudden wind squalls hitting Jaipur this evening.,Thunderstorm
Severe weather alert: thunderstorm with sudden wind squalls hitting Bengaluru this evening.,Thunderstorm
Extreme monsoon rain submerges underpasses in Kolkata. Emergency services responding to waterlogging.,Flood
Partly cloudy sky observed in Lucknow with gentle evening breeze.,Other
Humidity levels rising slightly in Ahmedabad with moderate cloud cover.,Other
Hot summer breeze and blistering sunshine making commute difficult in Ahmedabad.,Heatwave
Sudden duststorm engulfing highway corridors near Kochi with high wind speeds.,DustStorm
Light scattered drizzle in parts of Guwahati followed by mild sunshine.,Other
Violent thunderstorm with frequent lightning strikes and sudden heavy downpour hitting Indore.,Thunderstorm
Dense fog advisory active in Visakhapatnam. Drivers urged to keep fog lights on.,Fog
Loud thunderclaps and torrential rain accompanied by high lightning activity in Delhi.,Thunderstorm
Clear blue skies and comfortable temperature recorded across Kolkata today.,Other
Partly cloudy sky observed in Lucknow with gentle evening breeze.,Other
Intense thunderstorm activity with heavy rain and small hail reported in suburban Bhopal.,Thunderstorm
"Tempest winds tearing through streets of Pune, downing power cables.",StrongWind
Thick smog and mist blinding early morning commute across key highways in Kochi.,Fog
Thick dust clouds and turbulent winds creating blinding dust haze in Kolkata.,DustStorm
Dense fog advisory active in Visakhapatnam. Drivers urged to keep fog lights on.,Fog
Loud thunderclaps and torrential rain accompanied by high lightning activity in Chandigarh.,Thunderstorm
Continuous lightning and heavy thunderclaps terrifying residents across Visakhapatnam.,Thunderstorm
Flooding reported in Bhopal after 4 hours of non-stop rain. Submerged streets disrupting traffic.,Flood
Sweltering heat and extreme sunstroke warnings issued for residents in Indore today.,Heatwave
Blistering heatwave and hot dry winds blowing across Lucknow. Authorities issue heat advisory.,Heatwave
Misty morning and poor visibility causing slow moving traffic on arterial roads in Visakhapatnam.,Fog
Torrential downpour has inundated low-lying residential sectors near Kolkata. Stranded vehicles reported.,Flood
Severe gusty winds uprooting large trees and damaging tin roofs in Lucknow.,StrongWind
Torrential downpour has inundated low-lying residential sectors near Mumbai. Stranded vehicles reported.,Flood
humidity levels rising slightly in kolkata with moderate cloud cover.,Other
violent thunderstorm with frequent lightning strikes and sudden heavy downpour hitting bengaluru.,Thunderstorm
Strong winds and high velocity squalls creating hazardous conditions in Visakhapatnam.,StrongWind
Extreme monsoon rain submerges underpasses in Bhubaneswar. Emergency services responding to waterlogging.,Flood
Severe weather alert: thunderstorm with sudden wind squalls hitting Jaipur this evening.,Thunderstorm
strong squall and dust storm causing tree branches to snap in outer jaipur.,DustStorm
Strong squall and dust storm causing tree branches to snap in outer Patna.,DustStorm
Light scattered drizzle in parts of Guwahati followed by mild sunshine.,Other
Flooding reported in Surat after 4 hours of non-stop rain. Submerged streets disrupting traffic.,Flood
sweltering heat and extreme sunstroke warnings issued for residents in visakhapatnam today.,Heatwave
Loud thunderclaps and torrential downpour accompanied by high lightning activity in Kolkata.,Thunderstorm
Dense winter fog reducing visibility to below 20 meters near airport road in Mumbai.,Fog
Light scattered drizzle in parts of Bengaluru followed by mild sunshine.,Other
Humidity levels rising slightly in Pune with moderate cloud cover.,Other
Violent windstorm knocking down hoardings and electrical poles across Kolkata.,StrongWind
Scorching heatwave conditions in Patna with mercury touching 44.5 degrees celsius.,Heatwave
Partly cloudy sky observed in Lucknow with gentle evening breeze.,Other
"Tempest winds tearing through streets of Patna, downing power cables.",StrongWind
Mild overcast weather in Pune with pleasant afternoon breeze and clear skies.,Other
Thick smog and mist blinding early morning commute across key highways in Kolkata.,Fog
Strong winds and high velocity squalls creating hazardous conditions in Kolkata.,StrongWind
Dense fog advisory active in Mumbai. Drivers urged to keep fog lights on.,Fog
Humidity levels rising slightly in Bhopal with moderate cloud cover.,Other
Heavy deluge causing river overflow and severe urban flooding in outskirts of Bhopal.,Flood
Flooding reported in Mumbai after 4 hours of non-stop downpour. Submerged streets disrupting traffic.,Flood
Thick dust clouds and turbulent winds creating blinding dust haze in Lucknow.,DustStorm
"Massive dust storm sweeping through Nagpur, pushing thick dust clouds into residential areas.",DustStorm
Misty morning and poor visibility causing slow moving traffic on arterial roads in Kochi.,Fog
Thick smog and mist blinding early morning commute across key highways in Bhopal.,Fog
High wind gusts exceeding 75 km/h causing structural damages in commercial hubs of Lucknow.,StrongWind
Scorching heatwave conditions in Indore with mercury touching 44.5 degrees celsius.,Heatwave
Severe gusty winds uprooting large trees and damaging tin roofs in Bhopal.,StrongWind
Thick smog and mist blinding early morning commute across key highways in Bhubaneswar.,Fog
Dense fog advisory active in Kolkata. Drivers urged to keep fog lights on.,Fog
Loud thunderclaps and torrential rain accompanied by high lightning activity in Jaipur.,Thunderstorm
Sweltering heat and extreme sunstroke warnings issued for residents in Indore today.,Heatwave
Blinding dust haze and windstorm disrupting local markets in Hyderabad.,DustStorm
intense thunderstorm activity with heavy rain and small hail reported in suburban ahmedabad.,Thunderstorm
Flooding reported in Nagpur after 4 hours of non-stop rain. Submerged streets disrupting traffic.,Flood
Intense thunderstorm activity with heavy rain and small hail reported in suburban Kolkata.,Thunderstorm
Waterlogging reported near railway station and main bus terminus in Chandigarh. Commuters advised to avoid.,Flood
Torrential downpour has inundated low-lying residential sectors near Lucknow. Stranded vehicles reported.,Flood
Continuous lightning and severe thunderclaps terrifying residents across Mumbai.,Thunderstorm
Hot summer breeze and blistering sunshine making commute difficult in Kochi.,Heatwave
Waterlogging reported near railway station and main bus terminus in Guwahati. Commuters advised to avoid.,Flood
Severe heat stroke alert active across Chandigarh. Temperatures expected to exceed 45C tomorrow.,Heatwave
Flooding reported in Mumbai after 4 hours of non-stop rain. Submerged streets disrupting traffic.,Flood
Clear blue skies and comfortable temperature recorded across Indore today.,Other
High wind gusts exceeding 75 km/h causing structural damages in commercial hubs of Kochi.,StrongWind
Normal seasonal weather condition recorded in Bengaluru today. No warnings issued.,Other
Torrential downpour has inundated low-lying residential sectors near Bengaluru. Stranded vehicles reported.,Flood
Sudden duststorm engulfing highway corridors near Hyderabad with high wind speeds.,DustStorm
Sweltering heat and extreme sunstroke warnings issued for residents in Visakhapatnam today.,Heatwave
Mild overcast weather in Mumbai with pleasant afternoon breeze and clear skies.,Other
Flooding reported in Bhopal after 4 hours of non-stop rain. Submerged streets disrupting traffic.,Flood
Torrential downpour has inundated low-lying residential sectors near Pune. Stranded vehicles reported.,Flood
Flooding reported in Patna after 4 hours of non-stop rain. Submerged streets disrupting traffic.,Flood
Clear blue skies and comfortable temperature recorded across Kochi today.,Other
Hot summer breeze and blistering sunshine making commute difficult in Mumbai.,Heatwave
Humidity levels rising slightly in Lucknow with moderate cloud cover.,Other
Gale force winds and cyclone warnings issued for coastal areas surrounding Surat.,StrongWind
Blinding sandstorm and heavy dust haze rapidly reducing visibility across Kochi.,DustStorm
Severe heat stroke alert active across Patna. Temperatures expected to exceed 45C tomorrow.,Heatwave
Incessant rainfall leading to severe waterlogging on main roads in Visakhapatnam. Water levels reaching 2 feet deep.,Flood
Smog and low visibility enveloping entire city center of Jaipur during early hours.,Fog
Severe heat stroke alert active across Kolkata. Temperatures expected to exceed 45C tomorrow.,Heatwave
Thick smog and mist blinding early morning commute across key highways in Visakhapatnam.,Fog
Severe weather alert: thunderstorm with sudden wind squalls hitting Surat this evening.,Thunderstorm
Dense fog advisory active in Lucknow. Drivers urged to keep fog lights on.,Fog
Zero visibility reported in Nagpur due to heavy blinding fog. Flight operations delayed.,Fog
Normal seasonal weather condition recorded in Kochi today. No warnings issued.,Other
Scorching heatwave conditions in Mumbai with mercury touching 44.5 degrees celsius.,Heatwave
sweltering heat and extreme sunstroke warnings issued for residents in guwahati today.,Heatwave
Hot summer breeze and blistering sunshine making commute difficult in Nagpur.,Heatwave
loud thunderclaps and torrential rain accompanied by high lightning activity in chandigarh.,Thunderstorm
Severe heat stroke alert active across Nagpur. Temperatures expected to exceed 45C tomorrow.,Heatwave
Clear blue skies and comfortable temperature recorded across Indore today.,Other
Misty morning and poor visibility causing slow moving traffic on arterial roads in Bengaluru.,Fog
"Massive dust storm sweeping through Guwahati, pushing thick dust clouds into residential areas.",DustStorm
Mild overcast weather in Kolkata with pleasant afternoon breeze and clear skies.,Other
Violent windstorm knocking down hoardings and electrical poles across Ahmedabad.,StrongWind
Light scattered drizzle in parts of Kolkata followed by mild sunshine.,Other
Normal seasonal weather condition recorded in Visakhapatnam today. No warnings issued.,Other
Mercury hits seasonal high in Chandigarh. High temperature causing unbearable heatwave conditions.,Heatwave
Flooding reported in Guwahati after 4 hours of non-stop rain. Submerged streets disrupting traffic.,Flood
mercury hits seasonal high in indore. high temperature causing unbearable heatwave conditions.,Heatwave
Dense fog advisory active in Lucknow. Drivers urged to keep fog lights on.,Fog
Intense thunderstorm activity with heavy rain and small hail reported in suburban Ahmedabad.,Thunderstorm
Cloudburst and severe hailstorm disrupting power supply and damaging crops near Chennai.,Thunderstorm
Waterlogging reported near railway station and main bus terminus in Bhubaneswar. Commuters advised to avoid.,Flood
Severe heat stroke alert active across Bengaluru. Temperatures expected to exceed 45C tomorrow.,Heatwave
Smog and low visibility enveloping entire city center of Patna during early hours.,Fog
Severe weather alert: thunderstorm with sudden wind squalls hitting Kolkata this evening.,Thunderstorm
Zero visibility reported in Kochi due to heavy blinding fog. Flight operations delayed.,Fog
Dense fog advisory active in Jaipur. Drivers urged to keep fog lights on.,Fog
Thick dust clouds and turbulent winds creating blinding dust haze in Mumbai.,DustStorm
Blinding dust haze and windstorm disrupting local markets in Surat.,DustStorm
Sweltering heat and extreme sunstroke warnings issued for residents in Visakhapatnam today.,Heatwave
Normal seasonal weather condition recorded in Hyderabad today. No warnings issued.,Other
Strong squall and dust storm causing tree branches to snap in outer Delhi.,DustStorm
Smog and low visibility enveloping entire city center of Patna during early hours.,Fog
Clear blue skies and comfortable temperature recorded across Chennai today.,Other
Severe weather alert: thunderstorm with sudden wind squalls hitting Surat this evening.,Thunderstorm
Extreme monsoon rain submerges underpasses in Jaipur. Emergency services responding to waterlogging.,Flood
severe gusty winds uprooting large trees and damaging tin roofs in nagpur.,StrongWind
Gale force winds and cyclone warnings issued for coastal areas surrounding Lucknow.,StrongWind
incessant rainfall leading to severe waterlogging on main roads in bengaluru. water levels reaching 2 feet deep.,Flood
Cloudburst and severe hailstorm disrupting power supply and damaging crops near Nagpur.,Thunderstorm
Sweltering heat and extreme sunstroke warnings issued for residents in Chennai today.,Heatwave
dense fog advisory active in bengaluru. drivers urged to keep fog lights on.,Fog
Clear blue skies and comfortable temperature recorded across Mumbai today.,Other
"massive dust storm sweeping through chandigarh, pushing thick dust clouds into residential areas.",DustStorm
Hot summer breeze and blistering sunshine making commute difficult in Delhi.,Heatwave
Torrential downpour has inundated low-lying residential sectors near Mumbai. Stranded vehicles reported.,Flood
Sudden duststorm engulfing highway corridors near Patna with high wind speeds.,DustStorm
Misty morning and poor visibility causing slow moving traffic on arterial roads in Bhopal.,Fog
Strong winds and high velocity squalls creating hazardous conditions in Chennai.,StrongWind
Waterlogging reported near railway station and main bus terminus in Kochi. Commuters advised to avoid.,Flood
Smog and low visibility enveloping entire city center of Pune during early hours.,Fog
loud thunderclaps and torrential rain accompanied by high lightning activity in kochi.,Thunderstorm
Violent thunderstorm with frequent lightning strikes and sudden heavy downpour hitting Indore.,Thunderstorm
Gale force winds and cyclone warnings issued for coastal areas surrounding Delhi.,StrongWind
Severe gusty winds uprooting large trees and damaging tin roofs in Bhubaneswar.,StrongWind
Scorching heatwave conditions in Lucknow with mercury touching 44.5 degrees celsius.,Heatwave
Mild overcast weather in Bengaluru with pleasant afternoon breeze and clear skies.,Other
High wind gusts exceeding 75 km/h causing structural damages in commercial hubs of Kolkata.,StrongWind
Mercury hits seasonal high in Delhi. High temperature causing unbearable heatwave conditions.,Heatwave
severe gusty winds uprooting large trees and damaging tin roofs in hyderabad.,StrongWind
Violent windstorm knocking down hoardings and electrical poles across Bengaluru.,StrongWind
Heavy deluge causing river overflow and severe urban flooding in outskirts of Kolkata.,Flood
Zero visibility reported in Kochi due to heavy blinding fog. Flight operations delayed.,Fog
Cloudburst and severe hailstorm disrupting power supply and damaging crops near Visakhapatnam.,Thunderstorm
Heavy deluge causing river overflow and severe urban flooding in outskirts of Hyderabad.,Flood
Intense thunderstorm activity with heavy rain and small hail reported in suburban Bengaluru.,Thunderstorm
Intense thunderstorm activity with heavy rain and small hail reported in suburban Bhubaneswar.,Thunderstorm
humidity levels rising slightly in chandigarh with moderate cloud cover.,Other
Blistering heatwave and hot dry winds blowing across Ahmedabad. Authorities issue heat advisory.,Heatwave
High wind gusts exceeding 75 km/h causing structural damages in commercial hubs of Guwahati.,StrongWind
Severe weather alert: thunderstorm with sudden wind squalls hitting Kochi this evening.,Thunderstorm
Dense fog advisory active in Chandigarh. Drivers urged to keep fog lights on.,Fog
Intense thunderstorm activity with heavy rain and small hail reported in suburban Chennai.,Thunderstorm
Severe heat stroke alert active across Kolkata. Temperatures expected to exceed 45C tomorrow.,Heatwave
waterlogging reported near railway station and main bus terminus in jaipur. commuters advised to avoid.,Flood
Gale force winds and cyclone warnings issued for coastal areas surrounding Indore.,StrongWind
Zero visibility reported in Visakhapatnam due to heavy blinding fog. Flight operations delayed.,Fog
Severe gusty winds uprooting large trees and damaging tin roofs in Nagpur.,StrongWind
"Massive dust storm sweeping through Bengaluru, pushing thick dust clouds into residential areas.",DustStorm
Mercury hits seasonal high in Chennai. High temperature causing unbearable heatwave conditions.,Heatwave
Incessant rainfall leading to severe waterlogging on main roads in Hyderabad. Water levels reaching 2 feet deep.,Flood
Blinding dust haze and windstorm disrupting local markets in Mumbai.,DustStorm
Thick smog and mist blinding early morning commute across key highways in Lucknow.,Fog
Mercury hits seasonal high in Ahmedabad. High temperature causing unbearable heatwave conditions.,Heatwave
Mercury hits seasonal high in Ahmedabad. High temperature causing unbearable heatwave conditions.,Heatwave
"Massive dust storm sweeping through Surat, pushing thick dust clouds into residential areas.",DustStorm
"tempest winds tearing through streets of chennai, downing power cables.",StrongWind
Misty morning and poor visibility causing slow moving traffic on arterial roads in Bhubaneswar.,Fog
Continuous lightning and severe thunderclaps terrifying residents across Ahmedabad.,Thunderstorm
Violent thunderstorm with frequent lightning strikes and sudden heavy downpour hitting Ahmedabad.,Thunderstorm
Incessant rainfall leading to severe waterlogging on main roads in Hyderabad. Water levels reaching 2 feet deep.,Flood
Severe gusty winds uprooting large trees and damaging tin roofs in Bengaluru.,StrongWind
Strong squall and dust storm causing tree branches to snap in outer Chandigarh.,DustStorm
Normal seasonal weather condition recorded in Bhopal today. No warnings issued.,Other
Blistering heatwave and hot dry winds blowing across Delhi. Authorities issue heat advisory.,Heatwave
Strong squall and dust storm causing tree branches to snap in outer Pune.,DustStorm
Mild overcast weather in Mumbai with pleasant afternoon breeze and clear skies.,Other
Torrential downpour has inundated low-lying residential sectors near Bengaluru. Stranded vehicles reported.,Flood
Humidity levels rising slightly in Ahmedabad with moderate cloud cover.,Other
gale force winds and cyclone warnings issued for coastal areas surrounding bhopal.,StrongWind
Smog and low visibility enveloping entire city center of Guwahati during early hours.,Fog
Blinding dust haze and windstorm disrupting local markets in Hyderabad.,DustStorm
Clear blue skies and comfortable temperature recorded across Lucknow today.,Other
Severe gusty winds uprooting large trees and damaging tin roofs in Lucknow.,StrongWind
Blistering heatwave and hot dry winds blowing across Patna. Authorities issue heat advisory.,Heatwave
Scorching heatwave conditions in Mumbai with mercury touching 44.5 degrees celsius.,Heatwave
Thick smog and mist blinding early morning commute across key highways in Visakhapatnam.,Fog
Violent thunderstorm with frequent lightning strikes and sudden heavy downpour hitting Bhubaneswar.,Thunderstorm
Torrential downpour has inundated low-lying residential sectors near Ahmedabad. Stranded vehicles reported.,Flood
Violent windstorm knocking down hoardings and electrical poles across Ahmedabad.,StrongWind
Blistering heatwave and hot dry winds blowing across Lucknow. Authorities issue heat advisory.,Heatwave
mercury hits seasonal high in surat. high temperature causing unbearable heatwave conditions.,Heatwave
Loud thunderclaps and torrential rain accompanied by high lightning activity in Ahmedabad.,Thunderstorm
Light scattered drizzle in parts of Lucknow followed by mild sunshine.,Other
Continuous lightning and severe thunderclaps terrifying residents across Mumbai.,Thunderstorm
Blinding dust haze and windstorm disrupting local markets in Hyderabad.,DustStorm
Clear blue skies and comfortable temperature recorded across Kolkata today.,Other
Smog and low visibility enveloping entire city center of Patna during early hours.,Fog
Humidity levels rising slightly in Kolkata with moderate cloud cover.,Other
Waterlogging reported near railway station and main bus terminus in Visakhapatnam. Commuters advised to avoid.,Flood
Strong winds and high velocity squalls creating hazardous conditions in Visakhapatnam.,StrongWind
High wind gusts exceeding 75 km/h causing structural damages in commercial hubs of Ahmedabad.,StrongWind
Extreme monsoon rain submerges underpasses in Chennai. Emergency services responding to waterlogging.,Flood
Dense fog advisory active in Pune. Drivers urged to keep fog lights on.,Fog
Violent thunderstorm with frequent lightning strikes and sudden heavy downpour hitting Lucknow.,Thunderstorm
Zero visibility reported in Patna due to heavy blinding fog. Flight operations delayed.,Fog
Continuous lightning and severe thunderclaps terrifying residents across Kochi.,Thunderstorm
Humidity levels rising slightly in Mumbai with moderate cloud cover.,Other
Scorching heatwave conditions in Bengaluru with mercury touching 44.5 degrees celsius.,Heatwave
Sudden duststorm engulfing highway corridors near Jaipur with high wind speeds.,DustStorm
Zero visibility reported in Guwahati due to heavy blinding fog. Flight operations delayed.,Fog
Humidity levels rising slightly in Ahmedabad with moderate cloud cover.,Other
Continuous lightning and severe thunderclaps terrifying residents across Guwahati.,Thunderstorm
Clear blue skies and comfortable temperature recorded across Patna today.,Other
Extreme monsoon downpour submerges underpasses in Guwahati. Emergency services responding to waterlogging.,Flood
Violent thunderstorm with frequent lightning strikes and sudden heavy downpour hitting Patna.,Thunderstorm
Clear blue skies and comfortable temperature recorded across Pune today.,Other
Blinding sandstorm and heavy dust haze rapidly reducing visibility across Visakhapatnam.,DustStorm
Thick dust clouds and turbulent winds creating blinding dust haze in Lucknow.,DustStorm
Thick dust clouds and turbulent winds creating blinding dust haze in Bhubaneswar.,DustStorm
Extreme monsoon downpour submerges underpasses in Chandigarh. Emergency services responding to waterlogging.,Flood
Violent thunderstorm with frequent lightning strikes and sudden heavy downpour hitting Delhi.,Thunderstorm
Sudden duststorm engulfing highway corridors near Guwahati with high wind speeds.,DustStorm
Heavy deluge causing river overflow and severe urban flooding in outskirts of Ahmedabad.,Flood
"Tempest winds tearing through streets of Hyderabad, downing power cables.",StrongWind
Severe heat stroke alert active across Indore. Temperatures expected to exceed 45C tomorrow.,Heatwave
"Tempest winds tearing through streets of Hyderabad, downing power cables.",StrongWind
Hot summer breeze and blistering sunshine making commute difficult in Patna.,Heatwave
Humidity levels rising slightly in Indore with moderate cloud cover.,Other
Severe heat stroke alert active across Hyderabad. Temperatures expected to exceed 45C tomorrow.,Heatwave
blistering heatwave and hot dry winds blowing across bengaluru. authorities issue heat advisory.,Heatwave
Continuous lightning and severe thunderclaps terrifying residents across Ahmedabad.,Thunderstorm
Strong squall and dust storm causing tree branches to snap in outer Surat.,DustStorm
Zero visibility reported in Surat due to heavy blinding fog. Flight operations delayed.,Fog
Continuous lightning and severe thunderclaps terrifying residents across Guwahati.,Thunderstorm
Hot summer breeze and blistering sunshine making commute difficult in Patna.,Heatwave
Waterlogging reported near railway station and main bus terminus in Chandigarh. Commuters advised to avoid.,Flood
Smog and low visibility enveloping entire city center of Kolkata during early hours.,Fog
Thick dust clouds and turbulent winds creating blinding dust haze in Mumbai.,DustStorm
Scorching heatwave conditions in Indore with mercury touching 44.5 degrees celsius.,Heatwave
Strong squall and dust storm causing tree branches to snap in outer Visakhapatnam.,DustStorm
"Tempest winds tearing through streets of Jaipur, downing power cables.",StrongWind
Dense fog advisory active in Bengaluru. Drivers urged to keep fog lights on.,Fog
Intense thunderstorm activity with heavy rain and small hail reported in suburban Mumbai.,Thunderstorm
Thick dust clouds and turbulent winds creating blinding dust haze in Lucknow.,DustStorm
Dense winter fog reducing visibility to below 20 meters near airport road in Lucknow.,Fog
Dense winter fog reducing visibility to below 20 meters near airport road in Kolkata.,Fog
Blinding sandstorm and severe dust haze rapidly reducing visibility across Indore.,DustStorm
blinding dust haze and windstorm disrupting local markets in bengaluru.,DustStorm
Continuous lightning and severe thunderclaps terrifying residents across Guwahati.,Thunderstorm
"Massive dust storm sweeping through Nagpur, pushing thick dust clouds into residential areas.",DustStorm
High wind gusts exceeding 75 km/h causing structural damages in commercial hubs of Jaipur.,StrongWind
Cloudburst and severe hailstorm disrupting power supply and damaging crops near Pune.,Thunderstorm
Gale force winds and cyclone warnings issued for coastal areas surrounding Delhi.,StrongWind
Violent thunderstorm with frequent lightning strikes and sudden heavy downpour hitting Bhubaneswar.,Thunderstorm
Incessant downpourfall leading to heavy waterlogging on main roads in Jaipur. Water levels reaching 2 feet deep.,Flood
Blinding dust haze and windstorm disrupting local markets in Patna.,DustStorm
Blinding dust haze and windstorm disrupting local markets in Kolkata.,DustStorm
zero visibility reported in pune due to heavy blinding fog. flight operations delayed.,Fog
Blistering heatwave and hot dry winds blowing across Delhi. Authorities issue heat advisory.,Heatwave
Severe gusty winds uprooting large trees and damaging tin roofs in Hyderabad.,StrongWind
Loud thunderclaps and torrential rain accompanied by high lightning activity in Mumbai.,Thunderstorm
Blinding dust haze and windstorm disrupting local markets in Lucknow.,DustStorm
Smog and low visibility enveloping entire city center of Kolkata during early hours.,Fog
Loud thunderclaps and torrential downpour accompanied by high lightning activity in Bhopal.,Thunderstorm
Thick smog and mist blinding early morning commute across key highways in Patna.,Fog
Mercury hits seasonal high in Lucknow. High temperature causing unbearable heatwave conditions.,Heatwave
Dense winter fog reducing visibility to below 20 meters near airport road in Lucknow.,Fog
Normal seasonal weather condition recorded in Kolkata today. No warnings issued.,Other
Light scattered drizzle in parts of Lucknow followed by mild sunshine.,Other
Scorching heatwave conditions in Nagpur with mercury touching 44.5 degrees celsius.,Heatwave
Loud thunderclaps and torrential rain accompanied by high lightning activity in Hyderabad.,Thunderstorm
Strong squall and dust storm causing tree branches to snap in outer Patna.,DustStorm
Flooding reported in Visakhapatnam after 4 hours of non-stop rain. Submerged streets disrupting traffic.,Flood
Dense fog advisory active in Bhubaneswar. Drivers urged to keep fog lights on.,Fog
Blistering heatwave and hot dry winds blowing across Pune. Authorities issue heat advisory.,Heatwave
Gale force winds and cyclone warnings issued for coastal areas surrounding Guwahati.,StrongWind
Dense fog advisory active in Guwahati. Drivers urged to keep fog lights on.,Fog
Torrential downpour has inundated low-lying residential sectors near Chennai. Stranded vehicles reported.,Flood
thick smog and mist blinding early morning commute across key highways in delhi.,Fog
hot summer breeze and blistering sunshine making commute difficult in ahmedabad.,Heatwave
Partly cloudy sky observed in Pune with gentle evening breeze.,Other
Intense thunderstorm activity with heavy downpour and small hail reported in suburban Patna.,Thunderstorm
Severe gusty winds uprooting large trees and damaging tin roofs in Kochi.,StrongWind
Blinding dust haze and windstorm disrupting local markets in Kochi.,DustStorm
Severe weather alert: thunderstorm with sudden wind squalls hitting Ahmedabad this evening.,Thunderstorm
Light scattered drizzle in parts of Kolkata followed by mild sunshine.,Other
Waterlogging reported near railway station and main bus terminus in Pune. Commuters advised to avoid.,Flood
Violent windstorm knocking down hoardings and electrical poles across Hyderabad.,StrongWind
Thick smog and mist blinding early morning commute across key highways in Surat.,Fog
Scorching heatwave conditions in Bengaluru with mercury touching 44.5 degrees celsius.,Heatwave
Torrential downpour has inundated low-lying residential sectors near Indore. Stranded vehicles reported.,Flood
scorching heatwave conditions in lucknow with mercury touching 44.5 degrees celsius.,Heatwave
"Tempest winds tearing through streets of Chandigarh, downing power cables.",StrongWind
Intense thunderstorm activity with heavy rain and small hail reported in suburban Kolkata.,Thunderstorm
"tempest winds tearing through streets of ahmedabad, downing power cables.",StrongWind
Blinding dust haze and windstorm disrupting local markets in Bengaluru.,DustStorm
Normal seasonal weather condition recorded in Pune today. No warnings issued.,Other
Blinding dust haze and windstorm disrupting local markets in Mumbai.,DustStorm
Normal seasonal weather condition recorded in Surat today. No warnings issued.,Other
Thick smog and mist blinding early morning commute across key highways in Surat.,Fog
Strong winds and high velocity squalls creating hazardous conditions in Chandigarh.,StrongWind
Continuous lightning and severe thunderclaps terrifying residents across Guwahati.,Thunderstorm
Continuous lightning and heavy thunderclaps terrifying residents across Mumbai.,Thunderstorm
Mercury hits seasonal high in Hyderabad. High temperature causing unbearable heatwave conditions.,Heatwave
Intense thunderstorm activity with heavy rain and small hail reported in suburban Bhubaneswar.,Thunderstorm
Strong squall and dust storm causing tree branches to snap in outer Kolkata.,DustStorm
Intense thunderstorm activity with heavy rain and small hail reported in suburban Indore.,Thunderstorm
Thick dust clouds and turbulent winds creating blinding dust haze in Lucknow.,DustStorm
Severe gusty winds uprooting large trees and damaging tin roofs in Bhopal.,StrongWind
Hot summer breeze and blistering sunshine making commute difficult in Jaipur.,Heatwave
Violent windstorm knocking down hoardings and electrical poles across Bengaluru.,StrongWind
Intense thunderstorm activity with heavy rain and small hail reported in suburban Bhubaneswar.,Thunderstorm
Misty morning and poor visibility causing slow moving traffic on arterial roads in Ahmedabad.,Fog
Cloudburst and severe hailstorm disrupting power supply and damaging crops near Pune.,Thunderstorm
Mercury hits seasonal high in Indore. High temperature causing unbearable heatwave conditions.,Heatwave
Strong squall and dust storm causing tree branches to snap in outer Chennai.,DustStorm
Sweltering heat and extreme sunstroke warnings issued for residents in Hyderabad today.,Heatwave
Intense thunderstorm activity with heavy rain and small hail reported in suburban Indore.,Thunderstorm
Violent thunderstorm with frequent lightning strikes and sudden heavy downpour hitting Bhubaneswar.,Thunderstorm
Incessant rainfall leading to severe waterlogging on main roads in Delhi. Water levels reaching 2 feet deep.,Flood
Hot summer breeze and blistering sunshine making commute difficult in Indore.,Heatwave
violent thunderstorm with frequent lightning strikes and sudden heavy downpour hitting mumbai.,Thunderstorm
Flooding reported in Lucknow after 4 hours of non-stop rain. Submerged streets disrupting traffic.,Flood
Violent thunderstorm with frequent lightning strikes and sudden heavy downpour hitting Bhopal.,Thunderstorm
Partly cloudy sky observed in Chennai with gentle evening breeze.,Other
flooding reported in indore after 4 hours of non-stop rain. submerged streets disrupting traffic.,Flood
Light scattered drizzle in parts of Bhopal followed by mild sunshine.,Other
Partly cloudy sky observed in Chandigarh with gentle evening breeze.,Other
Strong winds and high velocity squalls creating hazardous conditions in Kochi.,StrongWind
Dense winter fog reducing visibility to below 20 meters near airport road in Guwahati.,Fog
Normal seasonal weather condition recorded in Mumbai today. No warnings issued.,Other
Heavy deluge causing river overflow and severe urban flooding in outskirts of Chandigarh.,Flood
Continuous lightning and heavy thunderclaps terrifying residents across Patna.,Thunderstorm
Continuous lightning and severe thunderclaps terrifying residents across Indore.,Thunderstorm
Incessant rainfall leading to severe waterlogging on main roads in Hyderabad. Water levels reaching 2 feet deep.,Flood
Severe heat stroke alert active across Kolkata. Temperatures expected to exceed 45C tomorrow.,Heatwave
Flooding reported in Ahmedabad after 4 hours of non-stop rain. Submerged streets disrupting traffic.,Flood
Mercury hits seasonal high in Bengaluru. High temperature causing unbearable heatwave conditions.,Heatwave
Gale force winds and cyclone warnings issued for coastal areas surrounding Nagpur.,StrongWind
Zero visibility reported in Guwahati due to heavy blinding fog. Flight operations delayed.,Fog
Light scattered drizzle in parts of Pune followed by mild sunshine.,Other
"Massive dust storm sweeping through Bengaluru, pushing thick dust clouds into residential areas.",DustStorm
Blinding dust haze and windstorm disrupting local markets in Indore.,DustStorm
Thick smog and mist blinding early morning commute across key highways in Guwahati.,Fog
Mercury hits seasonal high in Pune. High temperature causing unbearable heatwave conditions.,Heatwave
Dense fog advisory active in Indore. Drivers urged to keep fog lights on.,Fog
Mild overcast weather in Kolkata with pleasant afternoon breeze and clear skies.,Other
blinding dust haze and windstorm disrupting local markets in bengaluru.,DustStorm
Cloudburst and severe hailstorm disrupting power supply and damaging crops near Bhopal.,Thunderstorm
Dense fog advisory active in Chandigarh. Drivers urged to keep fog lights on.,Fog
Violent windstorm knocking down hoardings and electrical poles across Chennai.,StrongWind
Thick dust clouds and turbulent winds creating blinding dust haze in Bhubaneswar.,DustStorm
Mercury hits seasonal high in Indore. High temperature causing unbearable heatwave conditions.,Heatwave
thick smog and mist blinding early morning commute across key highways in patna.,Fog
Cloudburst and severe hailstorm disrupting power supply and damaging crops near Surat.,Thunderstorm
Blinding dust haze and windstorm disrupting local markets in Chennai.,DustStorm
Torrential downpour has inundated low-lying residential sectors near Pune. Stranded vehicles reported.,Flood
Cloudburst and severe hailstorm disrupting power supply and damaging crops near Visakhapatnam.,Thunderstorm
Violent thunderstorm with frequent lightning strikes and sudden heavy downpour hitting Patna.,Thunderstorm
Intense thunderstorm activity with heavy rain and small hail reported in suburban Patna.,Thunderstorm
Severe weather alert: thunderstorm with sudden wind squalls hitting Lucknow this evening.,Thunderstorm
Sudden duststorm engulfing highway corridors near Chandigarh with high wind speeds.,DustStorm
Gale force winds and cyclone warnings issued for coastal areas surrounding Lucknow.,StrongWind
Normal seasonal weather condition recorded in Ahmedabad today. No warnings issued.,Other
Gale force winds and cyclone warnings issued for coastal areas surrounding Bhubaneswar.,StrongWind
Blinding sandstorm and severe dust haze rapidly reducing visibility across Jaipur.,DustStorm
Clear blue skies and comfortable temperature recorded across Patna today.,Other
Loud thunderclaps and torrential rain accompanied by high lightning activity in Surat.,Thunderstorm
Smog and low visibility enveloping entire city center of Pune during early hours.,Fog
Extreme monsoon rain submerges underpasses in Indore. Emergency services responding to waterlogging.,Flood
Light scattered drizzle in parts of Chandigarh followed by mild sunshine.,Other
Normal seasonal weather condition recorded in Kochi today. No warnings issued.,Other
Blinding sandstorm and severe dust haze rapidly reducing visibility across Ahmedabad.,DustStorm
Violent windstorm knocking down hoardings and electrical poles across Chennai.,StrongWind
High wind gusts exceeding 75 km/h causing structural damages in commercial hubs of Chandigarh.,StrongWind
Intense thunderstorm activity with heavy rain and small hail reported in suburban Visakhapatnam.,Thunderstorm
Hot summer breeze and blistering sunshine making commute difficult in Mumbai.,Heatwave
Hot summer breeze and blistering sunshine making commute difficult in Guwahati.,Heatwave
Partly cloudy sky observed in Ahmedabad with gentle evening breeze.,Other
Gale force winds and cyclone warnings issued for coastal areas surrounding Patna.,StrongWind
Continuous lightning and heavy thunderclaps terrifying residents across Bhubaneswar.,Thunderstorm
Humidity levels rising slightly in Nagpur with moderate cloud cover.,Other
Sweltering heat and extreme sunstroke warnings issued for residents in Chennai today.,Heatwave
Strong squall and dust storm causing tree branches to snap in outer Hyderabad.,DustStorm
Clear blue skies and comfortable temperature recorded across Surat today.,Other
Humidity levels rising slightly in Lucknow with moderate cloud cover.,Other
Sudden duststorm engulfing highway corridors near Ahmedabad with high wind speeds.,DustStorm
Violent windstorm knocking down hoardings and electrical poles across Lucknow.,StrongWind
Light scattered drizzle in parts of Surat followed by mild sunshine.,Other
Severe weather alert: thunderstorm with sudden wind squalls hitting Indore this evening.,Thunderstorm
Flooding reported in Patna after 4 hours of non-stop rain. Submerged streets disrupting traffic.,Flood
Extreme monsoon downpour submerges underpasses in Ahmedabad. Emergency services responding to waterlogging.,Flood
Sweltering heat and extreme sunstroke warnings issued for residents in Pune today.,Heatwave
Torrential downpour has inundated low-lying residential sectors near Mumbai. Stranded vehicles reported.,Flood
Thick dust clouds and turbulent winds creating blinding dust haze in Indore.,DustStorm
High wind gusts exceeding 75 km/h causing structural damages in commercial hubs of Kolkata.,StrongWind
High wind gusts exceeding 75 km/h causing structural damages in commercial hubs of Kolkata.,StrongWind
Loud thunderclaps and torrential rain accompanied by high lightning activity in Jaipur.,Thunderstorm
Normal seasonal weather condition recorded in Bengaluru today. No warnings issued.,Other
"Massive dust storm sweeping through Kochi, pushing thick dust clouds into residential areas.",DustStorm
Cloudburst and severe hailstorm disrupting power supply and damaging crops near Pune.,Thunderstorm
Mild overcast weather in Lucknow with pleasant afternoon breeze and clear skies.,Other
High wind gusts exceeding 75 km/h causing structural damages in commercial hubs of Indore.,StrongWind
Clear blue skies and comfortable temperature recorded across Chandigarh today.,Other
Partly cloudy sky observed in Lucknow with gentle evening breeze.,Other
Clear blue skies and comfortable temperature recorded across Mumbai today.,Other
Dense winter fog reducing visibility to below 20 meters near airport road in Bhopal.,Fog
Torrential downpour has inundated low-lying residential sectors near Bengaluru. Stranded vehicles reported.,Flood
Flooding reported in Chandigarh after 4 hours of non-stop rain. Submerged streets disrupting traffic.,Flood
Mild overcast weather in Guwahati with pleasant afternoon breeze and clear skies.,Other
Extreme monsoon rain submerges underpasses in Indore. Emergency services responding to waterlogging.,Flood
"Massive dust storm sweeping through Indore, pushing thick dust clouds into residential areas.",DustStorm
Partly cloudy sky observed in Patna with gentle evening breeze.,Other
Violent thunderstorm with frequent lightning strikes and sudden heavy downpour hitting Patna.,Thunderstorm
"Tempest winds tearing through streets of Indore, downing power cables.",StrongWind
Sweltering heat and extreme sunstroke warnings issued for residents in Hyderabad today.,Heatwave
Flooding reported in Nagpur after 4 hours of non-stop rain. Submerged streets disrupting traffic.,Flood
Gale force winds and cyclone warnings issued for coastal areas surrounding Bhopal.,StrongWind
Continuous lightning and heavy thunderclaps terrifying residents across Mumbai.,Thunderstorm
Misty morning and poor visibility causing slow moving traffic on arterial roads in Nagpur.,Fog
Thick dust clouds and turbulent winds creating blinding dust haze in Surat.,DustStorm
Violent thunderstorm with frequent lightning strikes and sudden heavy downpour hitting Jaipur.,Thunderstorm
Extreme monsoon rain submerges underpasses in Guwahati. Emergency services responding to waterlogging.,Flood
Mild overcast weather in Kochi with pleasant afternoon breeze and clear skies.,Other
Light scattered drizzle in parts of Guwahati followed by mild sunshine.,Other
Light scattered drizzle in parts of Indore followed by mild sunshine.,Other
Hot summer breeze and blistering sunshine making commute difficult in Bhopal.,Heatwave
Blistering heatwave and hot dry winds blowing across Bhopal. Authorities issue heat advisory.,Heatwave
clear blue skies and comfortable temperature recorded across kochi today.,Other
Hot summer breeze and blistering sunshine making commute difficult in Surat.,Heatwave
Intense thunderstorm activity with heavy rain and small hail reported in suburban Bhubaneswar.,Thunderstorm
continuous lightning and severe thunderclaps terrifying residents across nagpur.,Thunderstorm
mild overcast weather in patna with pleasant afternoon breeze and clear skies.,Other
thick smog and mist blinding early morning commute across key highways in ahmedabad.,Fog
Scorching heatwave conditions in Delhi with mercury touching 44.5 degrees celsius.,Heatwave
Torrential downpour has inundated low-lying residential sectors near Mumbai. Stranded vehicles reported.,Flood
Severe heat stroke alert active across Chennai. Temperatures expected to exceed 45C tomorrow.,Heatwave
Sudden duststorm engulfing highway corridors near Lucknow with high wind speeds.,DustStorm
Loud thunderclaps and torrential rain accompanied by high lightning activity in Jaipur.,Thunderstorm
Continuous lightning and severe thunderclaps terrifying residents across Hyderabad.,Thunderstorm
Partly cloudy sky observed in Patna with gentle evening breeze.,Other
Cloudburst and severe hailstorm disrupting power supply and damaging crops near Bhubaneswar.,Thunderstorm
Partly cloudy sky observed in Jaipur with gentle evening breeze.,Other
Blistering heatwave and hot dry winds blowing across Lucknow. Authorities issue heat advisory.,Heatwave
Zero visibility reported in Patna due to heavy blinding fog. Flight operations delayed.,Fog
Heavy deluge causing river overflow and severe urban flooding in outskirts of Lucknow.,Flood
violent windstorm knocking down hoardings and electrical poles across pune.,StrongWind
Dense winter fog reducing visibility to below 20 meters near airport road in Ahmedabad.,Fog
Sweltering heat and extreme sunstroke warnings issued for residents in Kochi today.,Heatwave
Severe heat stroke alert active across Bengaluru. Temperatures expected to exceed 45C tomorrow.,Heatwave
Sweltering heat and extreme sunstroke warnings issued for residents in Delhi today.,Heatwave
Intense thunderstorm activity with heavy rain and small hail reported in suburban Jaipur.,Thunderstorm
Smog and low visibility enveloping entire city center of Jaipur during early hours.,Fog
Humidity levels rising slightly in Bhubaneswar with moderate cloud cover.,Other
High wind gusts exceeding 75 km/h causing structural damages in commercial hubs of Bengaluru.,StrongWind
Misty morning and poor visibility causing slow moving traffic on arterial roads in Bhopal.,Fog
Extreme monsoon rain submerges underpasses in Nagpur. Emergency services responding to waterlogging.,Flood
Cloudburst and heavy hailstorm disrupting power supply and damaging crops near Patna.,Thunderstorm
Thick smog and mist blinding early morning commute across key highways in Chennai.,Fog
Normal seasonal weather condition recorded in Surat today. No warnings issued.,Other
Partly cloudy sky observed in Bhubaneswar with gentle evening breeze.,Other
Mild overcast weather in Bengaluru with pleasant afternoon breeze and clear skies.,Other
Strong winds and high velocity squalls creating hazardous conditions in Ahmedabad.,StrongWind
Violent thunderstorm with frequent lightning strikes and sudden heavy downpour hitting Patna.,Thunderstorm
Mercury hits seasonal high in Bengaluru. High temperature causing unbearable heatwave conditions.,Heatwave
Strong squall and dust storm causing tree branches to snap in outer Jaipur.,DustStorm
Dense winter fog reducing visibility to below 20 meters near airport road in Jaipur.,Fog
"Massive dust storm sweeping through Kochi, pushing thick dust clouds into residential areas.",DustStorm
heavy deluge causing river overflow and severe urban flooding in outskirts of guwahati.,Flood
Blistering heatwave and hot dry winds blowing across Pune. Authorities issue heat advisory.,Heatwave
Humidity levels rising slightly in Surat with moderate cloud cover.,Other
Partly cloudy sky observed in Hyderabad with gentle evening breeze.,Other
Cloudburst and severe hailstorm disrupting power supply and damaging crops near Ahmedabad.,Thunderstorm
"Massive dust storm sweeping through Hyderabad, pushing thick dust clouds into residential areas.",DustStorm
Violent windstorm knocking down hoardings and electrical poles across Bengaluru.,StrongWind
Thick smog and mist blinding early morning commute across key highways in Bengaluru.,Fog
Sudden duststorm engulfing highway corridors near Chandigarh with high wind speeds.,DustStorm
Thick dust clouds and turbulent winds creating blinding dust haze in Nagpur.,DustStorm
Blinding dust haze and windstorm disrupting local markets in Bhubaneswar.,DustStorm
Gale force winds and cyclone warnings issued for coastal areas surrounding Mumbai.,StrongWind
Light scattered drizzle in parts of Kochi followed by mild sunshine.,Other
Heavy deluge causing river overflow and severe urban flooding in outskirts of Ahmedabad.,Flood
Continuous lightning and severe thunderclaps terrifying residents across Ahmedabad.,Thunderstorm
Continuous lightning and severe thunderclaps terrifying residents across Chennai.,Thunderstorm
Waterlogging reported near railway station and main bus terminus in Bhubaneswar. Commuters advised to avoid.,Flood
flooding reported in pune after 4 hours of non-stop rain. submerged streets disrupting traffic.,Flood
Flooding reported in Guwahati after 4 hours of non-stop downpour. Submerged streets disrupting traffic.,Flood
Strong winds and high velocity squalls creating hazardous conditions in Pune.,StrongWind
incessant rainfall leading to severe waterlogging on main roads in nagpur. water levels reaching 2 feet deep.,Flood
Humidity levels rising slightly in Guwahati with moderate cloud cover.,Other
Gale force winds and cyclone warnings issued for coastal areas surrounding Hyderabad.,StrongWind
Zero visibility reported in Bengaluru due to heavy blinding fog. Flight operations delayed.,Fog
Torrential downpour has inundated low-lying residential sectors near Nagpur. Stranded vehicles reported.,Flood
Violent windstorm knocking down hoardings and electrical poles across Chandigarh.,StrongWind
Blinding dust haze and windstorm disrupting local markets in Kolkata.,DustStorm
Intense thunderstorm activity with heavy downpour and small hail reported in suburban Ahmedabad.,Thunderstorm
strong squall and dust storm causing tree branches to snap in outer patna.,DustStorm
Hot summer breeze and blistering sunshine making commute difficult in Surat.,Heatwave
Torrential downpour has inundated low-lying residential sectors near Bhubaneswar. Stranded vehicles reported.,Flood
Thick dust clouds and turbulent winds creating blinding dust haze in Patna.,DustStorm
Light scattered drizzle in parts of Guwahati followed by mild sunshine.,Other
light scattered drizzle in parts of ahmedabad followed by mild sunshine.,Other
Hot summer breeze and blistering sunshine making commute difficult in Indore.,Heatwave
Thick smog and mist blinding early morning commute across key highways in Ahmedabad.,Fog
Strong squall and dust storm causing tree branches to snap in outer Nagpur.,DustStorm
Dense winter fog reducing visibility to below 20 meters near airport road in Bhopal.,Fog
Blinding dust haze and windstorm disrupting local markets in Hyderabad.,DustStorm
Gale force winds and cyclone warnings issued for coastal areas surrounding Ahmedabad.,StrongWind
Sudden duststorm engulfing highway corridors near Delhi with high wind speeds.,DustStorm
Blistering heatwave and hot dry winds blowing across Chandigarh. Authorities issue heat advisory.,Heatwave
Severe weather alert: thunderstorm with sudden wind squalls hitting Surat this evening.,Thunderstorm
Hot summer breeze and blistering sunshine making commute difficult in Bhopal.,Heatwave
Dense fog advisory active in Bhubaneswar. Drivers urged to keep fog lights on.,Fog
Partly cloudy sky observed in Indore with gentle evening breeze.,Other
high wind gusts exceeding 75 km/h causing structural damages in commercial hubs of hyderabad.,StrongWind
Blinding dust haze and windstorm disrupting local markets in Pune.,DustStorm
Sweltering heat and extreme sunstroke warnings issued for residents in Jaipur today.,Heatwave
"Massive dust storm sweeping through Hyderabad, pushing thick dust clouds into residential areas.",DustStorm
Blinding sandstorm and severe dust haze rapidly reducing visibility across Indore.,DustStorm
strong squall and dust storm causing tree branches to snap in outer jaipur.,DustStorm
Partly cloudy sky observed in Bhubaneswar with gentle evening breeze.,Other
Severe gusty winds uprooting large trees and damaging tin roofs in Bhopal.,StrongWind
Zero visibility reported in Indore due to heavy blinding fog. Flight operations delayed.,Fog
High wind gusts exceeding 75 km/h causing structural damages in commercial hubs of Surat.,StrongWind
Gale force winds and cyclone warnings issued for coastal areas surrounding Bengaluru.,StrongWind
zero visibility reported in bengaluru due to heavy blinding fog. flight operations delayed.,Fog
Misty morning and poor visibility causing slow moving traffic on arterial roads in Chandigarh.,Fog
Dense winter fog reducing visibility to below 20 meters near airport road in Kolkata.,Fog
Severe weather alert: thunderstorm with sudden wind squalls hitting Hyderabad this evening.,Thunderstorm
"Massive dust storm sweeping through Visakhapatnam, pushing thick dust clouds into residential areas.",DustStorm
Strong winds and high velocity squalls creating hazardous conditions in Pune.,StrongWind
Clear blue skies and comfortable temperature recorded across Bhopal today.,Other
Scorching heatwave conditions in Chennai with mercury touching 44.5 degrees celsius.,Heatwave
Gale force winds and cyclone warnings issued for coastal areas surrounding Chennai.,StrongWind
"Massive dust storm sweeping through Bhubaneswar, pushing thick dust clouds into residential areas.",DustStorm
Clear blue skies and comfortable temperature recorded across Bhubaneswar today.,Other
Blinding sandstorm and severe dust haze rapidly reducing visibility across Ahmedabad.,DustStorm
Humidity levels rising slightly in Pune with moderate cloud cover.,Other
Severe heat stroke alert active across Bhopal. Temperatures expected to exceed 45C tomorrow.,Heatwave
Mild overcast weather in Delhi with pleasant afternoon breeze and clear skies.,Other
Incessant rainfall leading to severe waterlogging on main roads in Bhopal. Water levels reaching 2 feet deep.,Flood
Severe weather alert: thunderstorm with sudden wind squalls hitting Ahmedabad this evening.,Thunderstorm
Partly cloudy sky observed in Indore with gentle evening breeze.,Other
Thick dust clouds and turbulent winds creating blinding dust haze in Bhopal.,DustStorm
Clear blue skies and comfortable temperature recorded across Visakhapatnam today.,Other
Clear blue skies and comfortable temperature recorded across Visakhapatnam today.,Other
Heavy deluge causing river overflow and severe urban flooding in outskirts of Jaipur.,Flood
intense thunderstorm activity with heavy rain and small hail reported in suburban delhi.,Thunderstorm
strong winds and high velocity squalls creating hazardous conditions in indore.,StrongWind
Loud thunderclaps and torrential rain accompanied by high lightning activity in Kolkata.,Thunderstorm
Strong winds and high velocity squalls creating hazardous conditions in Jaipur.,StrongWind
Humidity levels rising slightly in Surat with moderate cloud cover.,Other
Violent thunderstorm with frequent lightning strikes and sudden heavy downpour hitting Guwahati.,Thunderstorm
Normal seasonal weather condition recorded in Chandigarh today. No warnings issued.,Other
Sudden duststorm engulfing highway corridors near Chennai with high wind speeds.,DustStorm
heavy deluge causing river overflow and severe urban flooding in outskirts of delhi.,Flood
Cloudburst and severe hailstorm disrupting power supply and damaging crops near Patna.,Thunderstorm
Zero visibility reported in Jaipur due to heavy blinding fog. Flight operations delayed.,Fog
Violent thunderstorm with frequent lightning strikes and sudden heavy downpour hitting Bengaluru.,Thunderstorm
Heavy deluge causing river overflow and severe urban flooding in outskirts of Bhubaneswar.,Flood
Blinding sandstorm and severe dust haze rapidly reducing visibility across Mumbai.,DustStorm
blistering heatwave and hot dry winds blowing across lucknow. authorities issue heat advisory.,Heatwave
Light scattered drizzle in parts of Chennai followed by mild sunshine.,Other
Partly cloudy sky observed in Bhubaneswar with gentle evening breeze.,Other
Loud thunderclaps and torrential rain accompanied by high lightning activity in Delhi.,Thunderstorm
Blinding sandstorm and severe dust haze rapidly reducing visibility across Delhi.,DustStorm
"Massive dust storm sweeping through Bengaluru, pushing thick dust clouds into residential areas.",DustStorm
dense fog advisory active in chandigarh. drivers urged to keep fog lights on.,Fog
High wind gusts exceeding 75 km/h causing structural damages in commercial hubs of Nagpur.,StrongWind
Severe weather alert: thunderstorm with sudden wind squalls hitting Patna this evening.,Thunderstorm
sudden duststorm engulfing highway corridors near jaipur with high wind speeds.,DustStorm
Normal seasonal weather condition recorded in Chandigarh today. No warnings issued.,Other
Intense thunderstorm activity with heavy rain and small hail reported in suburban Kolkata.,Thunderstorm
Cloudburst and severe hailstorm disrupting power supply and damaging crops near Patna.,Thunderstorm
Incessant rainfall leading to severe waterlogging on main roads in Kolkata. Water levels reaching 2 feet deep.,Flood
Loud thunderclaps and torrential rain accompanied by high lightning activity in Pune.,Thunderstorm
Scorching heatwave conditions in Nagpur with mercury touching 44.5 degrees celsius.,Heatwave
Blinding dust haze and windstorm disrupting local markets in Bhubaneswar.,DustStorm
Thick smog and mist blinding early morning commute across key highways in Visakhapatnam.,Fog
Smog and low visibility enveloping entire city center of Indore during early hours.,Fog
Hot summer breeze and blistering sunshine making commute difficult in Delhi.,Heatwave
Dense winter fog reducing visibility to below 20 meters near airport road in Indore.,Fog
Violent thunderstorm with frequent lightning strikes and sudden heavy downpour hitting Bengaluru.,Thunderstorm
Dense fog advisory active in Delhi. Drivers urged to keep fog lights on.,Fog
Heavy deluge causing river overflow and severe urban flooding in outskirts of Bhubaneswar.,Flood
Violent windstorm knocking down hoardings and electrical poles across Lucknow.,StrongWind
High wind gusts exceeding 75 km/h causing structural damages in commercial hubs of Kochi.,StrongWind
Partly cloudy sky observed in Kolkata with gentle evening breeze.,Other
Misty morning and poor visibility causing slow moving traffic on arterial roads in Ahmedabad.,Fog
blinding dust haze and windstorm disrupting local markets in nagpur.,DustStorm
Humidity levels rising slightly in Visakhapatnam with moderate cloud cover.,Other
Extreme monsoon rain submerges underpasses in Nagpur. Emergency services responding to waterlogging.,Flood
Light scattered drizzle in parts of Bhubaneswar followed by mild sunshine.,Other
Loud thunderclaps and torrential rain accompanied by high lightning activity in Bhubaneswar.,Thunderstorm
Flooding reported in Jaipur after 4 hours of non-stop rain. Submerged streets disrupting traffic.,Flood
"Tempest winds tearing through streets of Delhi, downing power cables.",StrongWind
"Massive dust storm sweeping through Surat, pushing thick dust clouds into residential areas.",DustStorm
Cloudburst and heavy hailstorm disrupting power supply and damaging crops near Surat.,Thunderstorm
Flooding reported in Visakhapatnam after 4 hours of non-stop rain. Submerged streets disrupting traffic.,Flood
mercury hits seasonal high in kochi. high temperature causing unbearable heatwave conditions.,Heatwave
Zero visibility reported in Chandigarh due to heavy blinding fog. Flight operations delayed.,Fog
"Tempest winds tearing through streets of Surat, downing power cables.",StrongWind
Partly cloudy sky observed in Lucknow with gentle evening breeze.,Other
Thick smog and mist blinding early morning commute across key highways in Visakhapatnam.,Fog
Dense winter fog reducing visibility to below 20 meters near airport road in Nagpur.,Fog
Heavy deluge causing river overflow and heavy urban flooding in outskirts of Kochi.,Flood
violent windstorm knocking down hoardings and electrical poles across mumbai.,StrongWind
Waterlogging reported near railway station and main bus terminus in Delhi. Commuters advised to avoid.,Flood
Severe heat stroke alert active across Kochi. Temperatures expected to exceed 45C tomorrow.,Heatwave
mild overcast weather in guwahati with pleasant afternoon breeze and clear skies.,Other
Sweltering heat and extreme sunstroke warnings issued for residents in Lucknow today.,Heatwave
Mercury hits seasonal high in Ahmedabad. High temperature causing unbearable heatwave conditions.,Heatwave
Severe heat stroke alert active across Ahmedabad. Temperatures expected to exceed 45C tomorrow.,Heatwave
Mild overcast weather in Chandigarh with pleasant afternoon breeze and clear skies.,Other
Partly cloudy sky observed in Nagpur with gentle evening breeze.,Other
Clear blue skies and comfortable temperature recorded across Bengaluru today.,Other
Dense fog advisory active in Kochi. Drivers urged to keep fog lights on.,Fog
Strong winds and high velocity squalls creating hazardous conditions in Delhi.,StrongWind
High wind gusts exceeding 75 km/h causing structural damages in commercial hubs of Pune.,StrongWind
blinding dust haze and windstorm disrupting local markets in kolkata.,DustStorm
Blinding dust haze and windstorm disrupting local markets in Mumbai.,DustStorm
Severe gusty winds uprooting large trees and damaging tin roofs in Bengaluru.,StrongWind
Blinding sandstorm and heavy dust haze rapidly reducing visibility across Kochi.,DustStorm
Partly cloudy sky observed in Bhopal with gentle evening breeze.,Other
Severe gusty winds uprooting large trees and damaging tin roofs in Ahmedabad.,StrongWind
Waterlogging reported near railway station and main bus terminus in Bengaluru. Commuters advised to avoid.,Flood
Sweltering heat and extreme sunstroke warnings issued for residents in Bhubaneswar today.,Heatwave
Partly cloudy sky observed in Kochi with gentle evening breeze.,Other
Dense winter fog reducing visibility to below 20 meters near airport road in Bhopal.,Fog
Gale force winds and cyclone warnings issued for coastal areas surrounding Indore.,StrongWind
Dense winter fog reducing visibility to below 20 meters near airport road in Jaipur.,Fog
Waterlogging reported near railway station and main bus terminus in Bhubaneswar. Commuters advised to avoid.,Flood
Thick smog and mist blinding early morning commute across key highways in Kolkata.,Fog
Blistering heatwave and hot dry winds blowing across Pune. Authorities issue heat advisory.,Heatwave
blinding dust haze and windstorm disrupting local markets in ahmedabad.,DustStorm
Continuous lightning and severe thunderclaps terrifying residents across Kochi.,Thunderstorm
Dense winter fog reducing visibility to below 20 meters near airport road in Hyderabad.,Fog
Extreme monsoon rain submerges underpasses in Indore. Emergency services responding to waterlogging.,Flood
Strong squall and dust storm causing tree branches to snap in outer Indore.,DustStorm
violent thunderstorm with frequent lightning strikes and sudden heavy downpour hitting kolkata.,Thunderstorm
Mild overcast weather in Delhi with pleasant afternoon breeze and clear skies.,Other
Gale force winds and cyclone warnings issued for coastal areas surrounding Visakhapatnam.,StrongWind
Humidity levels rising slightly in Kochi with moderate cloud cover.,Other
Blistering heatwave and hot dry winds blowing across Bhubaneswar. Authorities issue heat advisory.,Heatwave
Heavy deluge causing river overflow and heavy urban flooding in outskirts of Delhi.,Flood
Mild overcast weather in Mumbai with pleasant afternoon breeze and clear skies.,Other
Flooding reported in Indore after 4 hours of non-stop rain. Submerged streets disrupting traffic.,Flood
Intense thunderstorm activity with heavy rain and small hail reported in suburban Jaipur.,Thunderstorm
Extreme monsoon downpour submerges underpasses in Mumbai. Emergency services responding to waterlogging.,Flood
Thick smog and mist blinding early morning commute across key highways in Visakhapatnam.,Fog
Loud thunderclaps and torrential rain accompanied by high lightning activity in Hyderabad.,Thunderstorm
Thick dust clouds and turbulent winds creating blinding dust haze in Bhubaneswar.,DustStorm
Blinding dust haze and windstorm disrupting local markets in Pune.,DustStorm
Incessant rainfall leading to severe waterlogging on main roads in Hyderabad. Water levels reaching 2 feet deep.,Flood
Loud thunderclaps and torrential rain accompanied by high lightning activity in Guwahati.,Thunderstorm
Strong winds and high velocity squalls creating hazardous conditions in Bengaluru.,StrongWind
"Tempest winds tearing through streets of Bhubaneswar, downing power cables.",StrongWind
Zero visibility reported in Kochi due to heavy blinding fog. Flight operations delayed.,Fog
light scattered drizzle in parts of nagpur followed by mild sunshine.,Other
Blinding dust haze and windstorm disrupting local markets in Nagpur.,DustStorm
Continuous lightning and severe thunderclaps terrifying residents across Indore.,Thunderstorm
Strong winds and high velocity squalls creating hazardous conditions in Jaipur.,StrongWind
"Massive dust storm sweeping through Kolkata, pushing thick dust clouds into residential areas.",DustStorm
Severe gusty winds uprooting large trees and damaging tin roofs in Visakhapatnam.,StrongWind
Scorching heatwave conditions in Guwahati with mercury touching 44.5 degrees celsius.,Heatwave
Blinding dust haze and windstorm disrupting local markets in Surat.,DustStorm
Smog and low visibility enveloping entire city center of Ahmedabad during early hours.,Fog
blinding sandstorm and severe dust haze rapidly reducing visibility across surat.,DustStorm
Dense winter fog reducing visibility to below 20 meters near airport road in Chennai.,Fog
High wind gusts exceeding 75 km/h causing structural damages in commercial hubs of Chandigarh.,StrongWind
Strong squall and dust storm causing tree branches to snap in outer Guwahati.,DustStorm
"massive dust storm sweeping through jaipur, pushing thick dust clouds into residential areas.",DustStorm
Blinding sandstorm and severe dust haze rapidly reducing visibility across Bengaluru.,DustStorm
continuous lightning and severe thunderclaps terrifying residents across bhubaneswar.,Thunderstorm
Partly cloudy sky observed in Chandigarh with gentle evening breeze.,Other
Extreme monsoon rain submerges underpasses in Visakhapatnam. Emergency services responding to waterlogging.,Flood
blinding dust haze and windstorm disrupting local markets in bhubaneswar.,DustStorm
Blinding dust haze and windstorm disrupting local markets in Chennai.,DustStorm
Smog and low visibility enveloping entire city center of Pune during early hours.,Fog
Severe heat stroke alert active across Chandigarh. Temperatures expected to exceed 45C tomorrow.,Heatwave
Heavy deluge causing river overflow and heavy urban flooding in outskirts of Ahmedabad.,Flood
Normal seasonal weather condition recorded in Bhopal today. No warnings issued.,Other
Mercury hits seasonal high in Ahmedabad. High temperature causing unbearable heatwave conditions.,Heatwave
Partly cloudy sky observed in Kolkata with gentle evening breeze.,Other
Dense fog advisory active in Lucknow. Drivers urged to keep fog lights on.,Fog
Zero visibility reported in Guwahati due to heavy blinding fog. Flight operations delayed.,Fog
strong squall and dust storm causing tree branches to snap in outer surat.,DustStorm
Cloudburst and severe hailstorm disrupting power supply and damaging crops near Guwahati.,Thunderstorm
Blinding sandstorm and severe dust haze rapidly reducing visibility across Bhopal.,DustStorm
Severe gusty winds uprooting large trees and damaging tin roofs in Kolkata.,StrongWind
Zero visibility reported in Pune due to heavy blinding fog. Flight operations delayed.,Fog
Heavy deluge causing river overflow and severe urban flooding in outskirts of Kochi.,Flood
Hot summer breeze and blistering sunshine making commute difficult in Pune.,Heatwave
Clear blue skies and comfortable temperature recorded across Kolkata today.,Other
"Massive dust storm sweeping through Pune, pushing thick dust clouds into residential areas.",DustStorm
Sweltering heat and extreme sunstroke warnings issued for residents in Guwahati today.,Heatwave
scorching heatwave conditions in mumbai with mercury touching 44.5 degrees celsius.,Heatwave
Torrential downpour has inundated low-lying residential sectors near Bengaluru. Stranded vehicles reported.,Flood
Misty morning and poor visibility causing slow moving traffic on arterial roads in Bengaluru.,Fog
Severe gusty winds uprooting large trees and damaging tin roofs in Hyderabad.,StrongWind
Hot summer breeze and blistering sunshine making commute difficult in Bhopal.,Heatwave
Dense winter fog reducing visibility to below 20 meters near airport road in Kolkata.,Fog
thick smog and mist blinding early morning commute across key highways in surat.,Fog
Mercury hits seasonal high in Pune. High temperature causing unbearable heatwave conditions.,Heatwave
Light scattered drizzle in parts of Chandigarh followed by mild sunshine.,Other
Scorching heatwave conditions in Lucknow with mercury touching 44.5 degrees celsius.,Heatwave
Thick smog and mist blinding early morning commute across key highways in Chandigarh.,Fog
normal seasonal weather condition recorded in kochi today. no warnings issued.,Other
"Massive dust storm sweeping through Hyderabad, pushing thick dust clouds into residential areas.",DustStorm
Misty morning and poor visibility causing slow moving traffic on arterial roads in Kochi.,Fog
Blinding dust haze and windstorm disrupting local markets in Bhubaneswar.,DustStorm
Hot summer breeze and blistering sunshine making commute difficult in Bengaluru.,Heatwave
mild overcast weather in visakhapatnam with pleasant afternoon breeze and clear skies.,Other
Loud thunderclaps and torrential rain accompanied by high lightning activity in Chennai.,Thunderstorm
incessant rainfall leading to severe waterlogging on main roads in indore. water levels reaching 2 feet deep.,Flood
continuous lightning and severe thunderclaps terrifying residents across bengaluru.,Thunderstorm
Scorching heatwave conditions in Kochi with mercury touching 44.5 degrees celsius.,Heatwave
Thick smog and mist blinding early morning commute across key highways in Lucknow.,Fog
Extreme monsoon rain submerges underpasses in Bhubaneswar. Emergency services responding to waterlogging.,Flood
Scorching heatwave conditions in Lucknow with mercury touching 44.5 degrees celsius.,Heatwave
strong squall and dust storm causing tree branches to snap in outer bhubaneswar.,DustStorm
Strong winds and high velocity squalls creating hazardous conditions in Visakhapatnam.,StrongWind
Misty morning and poor visibility causing slow moving traffic on arterial roads in Bhubaneswar.,Fog
Violent windstorm knocking down hoardings and electrical poles across Kochi.,StrongWind
strong winds and high velocity squalls creating hazardous conditions in pune.,StrongWind
mild overcast weather in kochi with pleasant afternoon breeze and clear skies.,Other
Thick dust clouds and turbulent winds creating blinding dust haze in Surat.,DustStorm
Dense fog advisory active in Kolkata. Drivers urged to keep fog lights on.,Fog
Severe weather alert: thunderstorm with sudden wind squalls hitting Guwahati this evening.,Thunderstorm
Severe heat stroke alert active across Bhopal. Temperatures expected to exceed 45C tomorrow.,Heatwave
Sudden duststorm engulfing highway corridors near Hyderabad with high wind speeds.,DustStorm
Mild overcast weather in Ahmedabad with pleasant afternoon breeze and clear skies.,Other
"Massive dust storm sweeping through Surat, pushing thick dust clouds into residential areas.",DustStorm
Blistering heatwave and hot dry winds blowing across Kochi. Authorities issue heat advisory.,Heatwave
Scorching heatwave conditions in Pune with mercury touching 44.5 degrees celsius.,Heatwave
Extreme monsoon downpour submerges underpasses in Chandigarh. Emergency services responding to waterlogging.,Flood
Blistering heatwave and hot dry winds blowing across Pune. Authorities issue heat advisory.,Heatwave
Incessant rainfall leading to severe waterlogging on main roads in Patna. Water levels reaching 2 feet deep.,Flood
Torrential downpour has inundated low-lying residential sectors near Bhubaneswar. Stranded vehicles reported.,Flood
Extreme monsoon downpour submerges underpasses in Jaipur. Emergency services responding to waterlogging.,Flood
Normal seasonal weather condition recorded in Pune today. No warnings issued.,Other
Blinding dust haze and windstorm disrupting local markets in Bhopal.,DustStorm
Zero visibility reported in Chennai due to heavy blinding fog. Flight operations delayed.,Fog
Torrential downpour has inundated low-lying residential sectors near Jaipur. Stranded vehicles reported.,Flood
Violent windstorm knocking down hoardings and electrical poles across Guwahati.,StrongWind
Incessant rainfall leading to severe waterlogging on main roads in Bengaluru. Water levels reaching 2 feet deep.,Flood
Humidity levels rising slightly in Pune with moderate cloud cover.,Other
Zero visibility reported in Hyderabad due to heavy blinding fog. Flight operations delayed.,Fog
"Tempest winds tearing through streets of Lucknow, downing power cables.",StrongWind
Mild overcast weather in Surat with pleasant afternoon breeze and clear skies.,Other
Extreme monsoon rain submerges underpasses in Guwahati. Emergency services responding to waterlogging.,Flood
High wind gusts exceeding 75 km/h causing structural damages in commercial hubs of Indore.,StrongWind
Dense fog advisory active in Bengaluru. Drivers urged to keep fog lights on.,Fog
Scorching heatwave conditions in Chennai with mercury touching 44.5 degrees celsius.,Heatwave
Torrential downpour has inundated low-lying residential sectors near Mumbai. Stranded vehicles reported.,Flood
Blistering heatwave and hot dry winds blowing across Kochi. Authorities issue heat advisory.,Heatwave
Heavy deluge causing river overflow and heavy urban flooding in outskirts of Bengaluru.,Flood
Hot summer breeze and blistering sunshine making commute difficult in Bhopal.,Heatwave
Strong squall and dust storm causing tree branches to snap in outer Ahmedabad.,DustStorm
heavy deluge causing river overflow and severe urban flooding in outskirts of ahmedabad.,Flood
Incessant rainfall leading to severe waterlogging on main roads in Visakhapatnam. Water levels reaching 2 feet deep.,Flood
High wind gusts exceeding 75 km/h causing structural damages in commercial hubs of Chennai.,StrongWind
Torrential downpour has inundated low-lying residential sectors near Indore. Stranded vehicles reported.,Flood
Normal seasonal weather condition recorded in Indore today. No warnings issued.,Other
partly cloudy sky observed in bhopal with gentle evening breeze.,Other
Dense fog advisory active in Pune. Drivers urged to keep fog lights on.,Fog
Blinding sandstorm and severe dust haze rapidly reducing visibility across Bhopal.,DustStorm
Cloudburst and severe hailstorm disrupting power supply and damaging crops near Patna.,Thunderstorm
Extreme monsoon rain submerges underpasses in Guwahati. Emergency services responding to waterlogging.,Flood
Partly cloudy sky observed in Chandigarh with gentle evening breeze.,Other
Strong winds and high velocity squalls creating hazardous conditions in Kolkata.,StrongWind
Thick smog and mist blinding early morning commute across key highways in Chennai.,Fog
"Massive dust storm sweeping through Jaipur, pushing thick dust clouds into residential areas.",DustStorm
Mercury hits seasonal high in Chandigarh. High temperature causing unbearable heatwave conditions.,Heatwave
Continuous lightning and severe thunderclaps terrifying residents across Patna.,Thunderstorm
Misty morning and poor visibility causing slow moving traffic on arterial roads in Visakhapatnam.,Fog
Violent windstorm knocking down hoardings and electrical poles across Pune.,StrongWind
Strong squall and dust storm causing tree branches to snap in outer Pune.,DustStorm
Blinding dust haze and windstorm disrupting local markets in Indore.,DustStorm
Gale force winds and cyclone warnings issued for coastal areas surrounding Patna.,StrongWind
Smog and low visibility enveloping entire city center of Kolkata during early hours.,Fog
blinding sandstorm and severe dust haze rapidly reducing visibility across chennai.,DustStorm
Severe gusty winds uprooting large trees and damaging tin roofs in Jaipur.,StrongWind
Sweltering heat and extreme sunstroke warnings issued for residents in Guwahati today.,Heatwave
Smog and low visibility enveloping entire city center of Bhubaneswar during early hours.,Fog
Thick smog and mist blinding early morning commute across key highways in Pune.,Fog
torrential downpour has inundated low-lying residential sectors near hyderabad. stranded vehicles reported.,Flood
Cloudburst and severe hailstorm disrupting power supply and damaging crops near Delhi.,Thunderstorm
Severe weather alert: thunderstorm with sudden wind squalls hitting Delhi this evening.,Thunderstorm
flooding reported in bengaluru after 4 hours of non-stop rain. submerged streets disrupting traffic.,Flood
Severe gusty winds uprooting large trees and damaging tin roofs in Kolkata.,StrongWind
Partly cloudy sky observed in Chennai with gentle evening breeze.,Other
Mild overcast weather in Mumbai with pleasant afternoon breeze and clear skies.,Other
Blinding sandstorm and severe dust haze rapidly reducing visibility across Visakhapatnam.,DustStorm
Dense fog advisory active in Lucknow. Drivers urged to keep fog lights on.,Fog
Clear blue skies and comfortable temperature recorded across Patna today.,Other
Continuous lightning and severe thunderclaps terrifying residents across Visakhapatnam.,Thunderstorm
Intense thunderstorm activity with heavy rain and small hail reported in suburban Lucknow.,Thunderstorm
Dense winter fog reducing visibility to below 20 meters near airport road in Visakhapatnam.,Fog
Clear blue skies and comfortable temperature recorded across Delhi today.,Other
Mercury hits seasonal high in Delhi. High temperature causing unbearable heatwave conditions.,Heatwave
Waterlogging reported near railway station and main bus terminus in Visakhapatnam. Commuters advised to avoid.,Flood
Thick dust clouds and turbulent winds creating blinding dust haze in Bengaluru.,DustStorm
Light scattered drizzle in parts of Indore followed by mild sunshine.,Other
Strong squall and dust storm causing tree branches to snap in outer Nagpur.,DustStorm
mercury hits seasonal high in indore. high temperature causing unbearable heatwave conditions.,Heatwave
Mercury hits seasonal high in Chandigarh. High temperature causing unbearable heatwave conditions.,Heatwave
Loud thunderclaps and torrential downpour accompanied by high lightning activity in Visakhapatnam.,Thunderstorm
Dense winter fog reducing visibility to below 20 meters near airport road in Chandigarh.,Fog
Torrential downpour has inundated low-lying residential sectors near Bengaluru. Stranded vehicles reported.,Flood
High wind gusts exceeding 75 km/h causing structural damages in commercial hubs of Hyderabad.,StrongWind
Mercury hits seasonal high in Mumbai. High temperature causing unbearable heatwave conditions.,Heatwave
Partly cloudy sky observed in Visakhapatnam with gentle evening breeze.,Other
Severe heat stroke alert active across Ahmedabad. Temperatures expected to exceed 45C tomorrow.,Heatwave
Flooding reported in Bhubaneswar after 4 hours of non-stop rain. Submerged streets disrupting traffic.,Flood
Mild overcast weather in Pune with pleasant afternoon breeze and clear skies.,Other
Cloudburst and severe hailstorm disrupting power supply and damaging crops near Patna.,Thunderstorm
Mild overcast weather in Bengaluru with pleasant afternoon breeze and clear skies.,Other
Clear blue skies and comfortable temperature recorded across Chandigarh today.,Other
Blinding sandstorm and severe dust haze rapidly reducing visibility across Bhubaneswar.,DustStorm
Violent windstorm knocking down hoardings and electrical poles across Pune.,StrongWind
Flooding reported in Ahmedabad after 4 hours of non-stop rain. Submerged streets disrupting traffic.,Flood
Violent windstorm knocking down hoardings and electrical poles across Lucknow.,StrongWind
Mercury hits seasonal high in Indore. High temperature causing unbearable heatwave conditions.,Heatwave
Severe weather alert: thunderstorm with sudden wind squalls hitting Chandigarh this evening.,Thunderstorm
Severe weather alert: thunderstorm with sudden wind squalls hitting Bhopal this evening.,Thunderstorm
Blinding dust haze and windstorm disrupting local markets in Chennai.,DustStorm
Torrential downpour has inundated low-lying residential sectors near Kochi. Stranded vehicles reported.,Flood
"Massive dust storm sweeping through Bengaluru, pushing thick dust clouds into residential areas.",DustStorm
incessant rainfall leading to severe waterlogging on main roads in kolkata. water levels reaching 2 feet deep.,Flood
Sweltering heat and extreme sunstroke warnings issued for residents in Visakhapatnam today.,Heatwave
Flooding reported in Chandigarh after 4 hours of non-stop rain. Submerged streets disrupting traffic.,Flood
Blinding dust haze and windstorm disrupting local markets in Jaipur.,DustStorm
Strong squall and dust storm causing tree branches to snap in outer Visakhapatnam.,DustStorm
Clear blue skies and comfortable temperature recorded across Delhi today.,Other
Clear blue skies and comfortable temperature recorded across Indore today.,Other
Heavy deluge causing river overflow and severe urban flooding in outskirts of Mumbai.,Flood
Violent windstorm knocking down hoardings and electrical poles across Visakhapatnam.,StrongWind
High wind gusts exceeding 75 km/h causing structural damages in commercial hubs of Pune.,StrongWind
"Massive dust storm sweeping through Bhubaneswar, pushing thick dust clouds into residential areas.",DustStorm
Blistering heatwave and hot dry winds blowing across Bhubaneswar. Authorities issue heat advisory.,Heatwave
Violent thunderstorm with frequent lightning strikes and sudden heavy downpour hitting Chennai.,Thunderstorm
Sweltering heat and extreme sunstroke warnings issued for residents in Mumbai today.,Heatwave
Light scattered drizzle in parts of Pune followed by mild sunshine.,Other
Flooding reported in Nagpur after 4 hours of non-stop rain. Submerged streets disrupting traffic.,Flood
Hot summer breeze and blistering sunshine making commute difficult in Pune.,Heatwave
Strong squall and dust storm causing tree branches to snap in outer Nagpur.,DustStorm
Severe heat stroke alert active across Bhubaneswar. Temperatures expected to exceed 45C tomorrow.,Heatwave
Extreme monsoon rain submerges underpasses in Kolkata. Emergency services responding to waterlogging.,Flood
Blinding dust haze and windstorm disrupting local markets in Indore.,DustStorm
severe weather alert: thunderstorm with sudden wind squalls hitting indore this evening.,Thunderstorm
Extreme monsoon rain submerges underpasses in Indore. Emergency services responding to waterlogging.,Flood
Waterlogging reported near railway station and main bus terminus in Bhubaneswar. Commuters advised to avoid.,Flood
misty morning and poor visibility causing slow moving traffic on arterial roads in kochi.,Fog
"Massive dust storm sweeping through Ahmedabad, pushing thick dust clouds into residential areas.",DustStorm
Light scattered drizzle in parts of Jaipur followed by mild sunshine.,Other
Strong winds and high velocity squalls creating hazardous conditions in Lucknow.,StrongWind
zero visibility reported in chandigarh due to heavy blinding fog. flight operations delayed.,Fog
Misty morning and poor visibility causing slow moving traffic on arterial roads in Pune.,Fog
Humidity levels rising slightly in Mumbai with moderate cloud cover.,Other
Severe heat stroke alert active across Visakhapatnam. Temperatures expected to exceed 45C tomorrow.,Heatwave
Gale force winds and cyclone warnings issued for coastal areas surrounding Chandigarh.,StrongWind
Severe gusty winds uprooting large trees and damaging tin roofs in Delhi.,StrongWind
Severe gusty winds uprooting large trees and damaging tin roofs in Nagpur.,StrongWind
Thick dust clouds and turbulent winds creating blinding dust haze in Ahmedabad.,DustStorm
Scorching heatwave conditions in Mumbai with mercury touching 44.5 degrees celsius.,Heatwave
Continuous lightning and severe thunderclaps terrifying residents across Chennai.,Thunderstorm
Torrential downpour has inundated low-lying residential sectors near Kolkata. Stranded vehicles reported.,Flood
Thick smog and mist blinding early morning commute across key highways in Jaipur.,Fog
Intense thunderstorm activity with heavy rain and small hail reported in suburban Bengaluru.,Thunderstorm
Hot summer breeze and blistering sunshine making commute difficult in Kochi.,Heatwave
Extreme monsoon rain submerges underpasses in Chennai. Emergency services responding to waterlogging.,Flood
Waterlogging reported near railway station and main bus terminus in Patna. Commuters advised to avoid.,Flood
Extreme monsoon rain submerges underpasses in Guwahati. Emergency services responding to waterlogging.,Flood
Normal seasonal weather condition recorded in Nagpur today. No warnings issued.,Other
Gale force winds and cyclone warnings issued for coastal areas surrounding Surat.,StrongWind
Sweltering heat and extreme sunstroke warnings issued for residents in Kolkata today.,Heatwave
Sweltering heat and extreme sunstroke warnings issued for residents in Chennai today.,Heatwave
Partly cloudy sky observed in Bhubaneswar with gentle evening breeze.,Other
Misty morning and poor visibility causing slow moving traffic on arterial roads in Hyderabad.,Fog
loud thunderclaps and torrential rain accompanied by high lightning activity in bengaluru.,Thunderstorm
Violent windstorm knocking down hoardings and electrical poles across Visakhapatnam.,StrongWind
Zero visibility reported in Delhi due to heavy blinding fog. Flight operations delayed.,Fog
Severe gusty winds uprooting large trees and damaging tin roofs in Bhubaneswar.,StrongWind
Thick dust clouds and turbulent winds creating blinding dust haze in Ahmedabad.,DustStorm
Severe weather alert: thunderstorm with sudden wind squalls hitting Guwahati this evening.,Thunderstorm
continuous lightning and severe thunderclaps terrifying residents across kolkata.,Thunderstorm
Sudden duststorm engulfing highway corridors near Patna with high wind speeds.,DustStorm
Torrential downpour has inundated low-lying residential sectors near Patna. Stranded vehicles reported.,Flood
Waterlogging reported near railway station and main bus terminus in Patna. Commuters advised to avoid.,Flood
Humidity levels rising slightly in Chandigarh with moderate cloud cover.,Other
Mild overcast weather in Visakhapatnam with pleasant afternoon breeze and clear skies.,Other
Zero visibility reported in Lucknow due to heavy blinding fog. Flight operations delayed.,Fog
Violent windstorm knocking down hoardings and electrical poles across Hyderabad.,StrongWind
"Tempest winds tearing through streets of Chennai, downing power cables.",StrongWind
Waterlogging reported near railway station and main bus terminus in Surat. Commuters advised to avoid.,Flood
Partly cloudy sky observed in Chandigarh with gentle evening breeze.,Other
Torrential downpour has inundated low-lying residential sectors near Chennai. Stranded vehicles reported.,Flood
"Massive dust storm sweeping through Kochi, pushing thick dust clouds into residential areas.",DustStorm
Torrential downpour has inundated low-lying residential sectors near Mumbai. Stranded vehicles reported.,Flood
Incessant downpourfall leading to heavy waterlogging on main roads in Hyderabad. Water levels reaching 2 feet deep.,Flood
Clear blue skies and comfortable temperature recorded across Indore today.,Other
Incessant rainfall leading to severe waterlogging on main roads in Nagpur. Water levels reaching 2 feet deep.,Flood
incessant rainfall leading to severe waterlogging on main roads in nagpur. water levels reaching 2 feet deep.,Flood
blistering heatwave and hot dry winds blowing across kolkata. authorities issue heat advisory.,Heatwave
Mild overcast weather in Hyderabad with pleasant afternoon breeze and clear skies.,Other
Incessant rainfall leading to severe waterlogging on main roads in Mumbai. Water levels reaching 2 feet deep.,Flood
Dense fog advisory active in Chennai. Drivers urged to keep fog lights on.,Fog
Gale force winds and cyclone warnings issued for coastal areas surrounding Ahmedabad.,StrongWind
Sudden duststorm engulfing highway corridors near Kochi with high wind speeds.,DustStorm
Flooding reported in Bhubaneswar after 4 hours of non-stop rain. Submerged streets disrupting traffic.,Flood
High wind gusts exceeding 75 km/h causing structural damages in commercial hubs of Pune.,StrongWind
Sweltering heat and extreme sunstroke warnings issued for residents in Patna today.,Heatwave
Sweltering heat and extreme sunstroke warnings issued for residents in Bhopal today.,Heatwave
Severe gusty winds uprooting large trees and damaging tin roofs in Indore.,StrongWind
Blinding sandstorm and severe dust haze rapidly reducing visibility across Kochi.,DustStorm
Strong squall and dust storm causing tree branches to snap in outer Guwahati.,DustStorm
Strong winds and high velocity squalls creating hazardous conditions in Hyderabad.,StrongWind
Blinding dust haze and windstorm disrupting local markets in Bengaluru.,DustStorm
Flooding reported in Bhubaneswar after 4 hours of non-stop rain. Submerged streets disrupting traffic.,Flood
Scorching heatwave conditions in Surat with mercury touching 44.5 degrees celsius.,Heatwave
Severe weather alert: thunderstorm with sudden wind squalls hitting Mumbai this evening.,Thunderstorm
Thick smog and mist blinding early morning commute across key highways in Kochi.,Fog
Humidity levels rising slightly in Visakhapatnam with moderate cloud cover.,Other
Blinding dust haze and windstorm disrupting local markets in Lucknow.,DustStorm
Misty morning and poor visibility causing slow moving traffic on arterial roads in Patna.,Fog
humidity levels rising slightly in chandigarh with moderate cloud cover.,Other
Heavy deluge causing river overflow and severe urban flooding in outskirts of Chandigarh.,Flood
Torrential downpour has inundated low-lying residential sectors near Patna. Stranded vehicles reported.,Flood
Dense winter fog reducing visibility to below 20 meters near airport road in Surat.,Fog
"Tempest winds tearing through streets of Delhi, downing power cables.",StrongWind
Zero visibility reported in Bengaluru due to heavy blinding fog. Flight operations delayed.,Fog
severe heat stroke alert active across chandigarh. temperatures expected to exceed 45c tomorrow.,Heatwave
Thick smog and mist blinding early morning commute across key highways in Indore.,Fog
Zero visibility reported in Mumbai due to heavy blinding fog. Flight operations delayed.,Fog
Violent thunderstorm with frequent lightning strikes and sudden heavy downpour hitting Chandigarh.,Thunderstorm
Thick smog and mist blinding early morning commute across key highways in Jaipur.,Fog
Waterlogging reported near railway station and main bus terminus in Jaipur. Commuters advised to avoid.,Flood
Cloudburst and heavy hailstorm disrupting power supply and damaging crops near Chandigarh.,Thunderstorm
Blinding dust haze and windstorm disrupting local markets in Kolkata.,DustStorm
Thick smog and mist blinding early morning commute across key highways in Bhubaneswar.,Fog
Sudden duststorm engulfing highway corridors near Nagpur with high wind speeds.,DustStorm
Continuous lightning and heavy thunderclaps terrifying residents across Delhi.,Thunderstorm
Dense fog advisory active in Visakhapatnam. Drivers urged to keep fog lights on.,Fog
Partly cloudy sky observed in Nagpur with gentle evening breeze.,Other
"massive dust storm sweeping through patna, pushing thick dust clouds into residential areas.",DustStorm
Cloudburst and severe hailstorm disrupting power supply and damaging crops near Pune.,Thunderstorm
Blistering heatwave and hot dry winds blowing across Guwahati. Authorities issue heat advisory.,Heatwave
Blistering heatwave and hot dry winds blowing across Surat. Authorities issue heat advisory.,Heatwave
Strong squall and dust storm causing tree branches to snap in outer Nagpur.,DustStorm
Cloudburst and heavy hailstorm disrupting power supply and damaging crops near Jaipur.,Thunderstorm
Severe heat stroke alert active across Kochi. Temperatures expected to exceed 45C tomorrow.,Heatwave
loud thunderclaps and torrential rain accompanied by high lightning activity in ahmedabad.,Thunderstorm
Clear blue skies and comfortable temperature recorded across Hyderabad today.,Other
strong winds and high velocity squalls creating hazardous conditions in kochi.,StrongWind
Dense winter fog reducing visibility to below 20 meters near airport road in Mumbai.,Fog
Sweltering heat and extreme sunstroke warnings issued for residents in Mumbai today.,Heatwave
Normal seasonal weather condition recorded in Mumbai today. No warnings issued.,Other
Blinding dust haze and windstorm disrupting local markets in Ahmedabad.,DustStorm
dense fog advisory active in hyderabad. drivers urged to keep fog lights on.,Fog
Blinding sandstorm and heavy dust haze rapidly reducing visibility across Nagpur.,DustStorm
Misty morning and poor visibility causing slow moving traffic on arterial roads in Kolkata.,Fog
Sweltering heat and extreme sunstroke warnings issued for residents in Hyderabad today.,Heatwave
"tempest winds tearing through streets of guwahati, downing power cables.",StrongWind
Torrential downpour has inundated low-lying residential sectors near Ahmedabad. Stranded vehicles reported.,Flood
Extreme monsoon downpour submerges underpasses in Chennai. Emergency services responding to waterlogging.,Flood
Strong squall and dust storm causing tree branches to snap in outer Pune.,DustStorm
Loud thunderclaps and torrential rain accompanied by high lightning activity in Visakhapatnam.,Thunderstorm
Thick smog and mist blinding early morning commute across key highways in Kochi.,Fog
Scorching heatwave conditions in Hyderabad with mercury touching 44.5 degrees celsius.,Heatwave
"Massive dust storm sweeping through Surat, pushing thick dust clouds into residential areas.",DustStorm
Gale force winds and cyclone warnings issued for coastal areas surrounding Nagpur.,StrongWind
Severe heat stroke alert active across Mumbai. Temperatures expected to exceed 45C tomorrow.,Heatwave
violent windstorm knocking down hoardings and electrical poles across chandigarh.,StrongWind
Thick smog and mist blinding early morning commute across key highways in Mumbai.,Fog
"Tempest winds tearing through streets of Hyderabad, downing power cables.",StrongWind
Smog and low visibility enveloping entire city center of Surat during early hours.,Fog
Hot summer breeze and blistering sunshine making commute difficult in Lucknow.,Heatwave
violent thunderstorm with frequent lightning strikes and sudden heavy downpour hitting ahmedabad.,Thunderstorm
Hot summer breeze and blistering sunshine making commute difficult in Ahmedabad.,Heatwave
Thick dust clouds and turbulent winds creating blinding dust haze in Chandigarh.,DustStorm
Violent thunderstorm with frequent lightning strikes and sudden heavy downpour hitting Delhi.,Thunderstorm
Incessant rainfall leading to severe waterlogging on main roads in Kolkata. Water levels reaching 2 feet deep.,Flood
Flooding reported in Indore after 4 hours of non-stop rain. Submerged streets disrupting traffic.,Flood
Humidity levels rising slightly in Mumbai with moderate cloud cover.,Other
Mild overcast weather in Mumbai with pleasant afternoon breeze and clear skies.,Other
Continuous lightning and heavy thunderclaps terrifying residents across Nagpur.,Thunderstorm
Extreme monsoon rain submerges underpasses in Kochi. Emergency services responding to waterlogging.,Flood
Continuous lightning and severe thunderclaps terrifying residents across Hyderabad.,Thunderstorm
Mild overcast weather in Jaipur with pleasant afternoon breeze and clear skies.,Other
Mercury hits seasonal high in Chennai. High temperature causing unbearable heatwave conditions.,Heatwave
Dense winter fog reducing visibility to below 20 meters near airport road in Bhopal.,Fog
Sweltering heat and extreme sunstroke warnings issued for residents in Surat today.,Heatwave
Sudden duststorm engulfing highway corridors near Chennai with high wind speeds.,DustStorm
"Massive dust storm sweeping through Hyderabad, pushing thick dust clouds into residential areas.",DustStorm
Mild overcast weather in Ahmedabad with pleasant afternoon breeze and clear skies.,Other
"Massive dust storm sweeping through Nagpur, pushing thick dust clouds into residential areas.",DustStorm
Torrential downpour has inundated low-lying residential sectors near Indore. Stranded vehicles reported.,Flood
Violent thunderstorm with frequent lightning strikes and sudden heavy downpour hitting Kochi.,Thunderstorm
Sudden duststorm engulfing highway corridors near Indore with high wind speeds.,DustStorm
Misty morning and poor visibility causing slow moving traffic on arterial roads in Nagpur.,Fog
Incessant downpourfall leading to heavy waterlogging on main roads in Patna. Water levels reaching 2 feet deep.,Flood
Dense fog advisory active in Bengaluru. Drivers urged to keep fog lights on.,Fog
Clear blue skies and comfortable temperature recorded across Bengaluru today.,Other
Strong winds and high velocity squalls creating hazardous conditions in Indore.,StrongWind
Thick dust clouds and turbulent winds creating blinding dust haze in Ahmedabad.,DustStorm
normal seasonal weather condition recorded in bhopal today. no warnings issued.,Other
Humidity levels rising slightly in Bengaluru with moderate cloud cover.,Other
cloudburst and severe hailstorm disrupting power supply and damaging crops near bhubaneswar.,Thunderstorm
Scorching heatwave conditions in Bengaluru with mercury touching 44.5 degrees celsius.,Heatwave
Violent windstorm knocking down hoardings and electrical poles across Jaipur.,StrongWind
Zero visibility reported in Hyderabad due to heavy blinding fog. Flight operations delayed.,Fog
Blistering heatwave and hot dry winds blowing across Bengaluru. Authorities issue heat advisory.,Heatwave
Sudden duststorm engulfing highway corridors near Ahmedabad with high wind speeds.,DustStorm
Thick smog and mist blinding early morning commute across key highways in Pune.,Fog
Extreme monsoon rain submerges underpasses in Ahmedabad. Emergency services responding to waterlogging.,Flood
High wind gusts exceeding 75 km/h causing structural damages in commercial hubs of Bengaluru.,StrongWind
strong winds and high velocity squalls creating hazardous conditions in nagpur.,StrongWind
hot summer breeze and blistering sunshine making commute difficult in bengaluru.,Heatwave
